timestamp,cpu_pct,mem_pct,latency_ms,bytes_sent,bytes_recv
2026-02-18T12:32:49.680418Z,20.2,87.5,159.75,78066854,1952561943
2026-02-18T12:32:54.723896Z,24.0,86.8,178.68,78079193,1953326524
2026-02-18T12:32:59.785876Z,22.4,86.9,170.69,78092284,1954243488
2026-02-18T12:33:04.826294Z,16.4,87.0,140.7,78096883,1954263079
2026-02-18T12:33:09.843568Z,21.2,85.7,164.57,78110506,1954272756
2026-02-18T12:33:14.867760Z,18.4,86.4,150.64,78121957,1954278258
2026-02-18T12:33:19.892656Z,27.7,86.6,197.16,78121957,1954278258
2026-02-18T12:33:24.914739Z,18.0,86.8,148.68,78122094,1954278456
2026-02-18T12:33:29.956259Z,9.4,87.4,105.74,78122094,1954278456
2026-02-18T12:33:34.976192Z,21.0,87.3,163.73,78122293,1954278704
2026-02-18T12:33:40.009781Z,12.5,87.4,121.24,78122514,1954278981
2026-02-18T12:33:45.032481Z,11.1,87.4,114.24,78122814,1954279299
2026-02-18T12:33:50.056327Z,17.3,87.8,145.28,78140331,1954294754
2026-02-18T12:33:55.079910Z,15.8,88.2,137.82,78151708,1954301802
2026-02-18T12:34:00.116635Z,15.2,88.3,134.83,78161173,1954311479
2026-02-18T12:34:05.159799Z,11.3,88.2,115.32,78167036,1954320602
2026-02-18T12:34:10.184179Z,15.4,88.7,135.87,78175172,1954400098
2026-02-18T12:34:15.223381Z,30.7,89.9,212.49,78180173,1954413320
2026-02-18T12:34:20.253734Z,15.0,77.2,132.72,78181378,1954413779
2026-02-18T12:34:25.294069Z,5.0,77.2,82.72,78189596,1954426445
2026-02-18T12:34:30.333927Z,7.8,76.6,96.66,78189706,1954426577
2026-02-18T12:34:35.364558Z,23.6,76.2,175.62,78190104,1954429317
2026-02-18T12:34:40.392134Z,29.9,76.7,207.17,78190779,1954430022
2026-02-18T12:34:45.415465Z,17.9,77.6,147.26,78217237,1954456502
2026-02-18T12:34:50.450054Z,39.3,77.8,254.28,78242909,1954547821
2026-02-18T12:34:55.478934Z,41.1,78.4,263.34,78250582,1954548347
2026-02-18T12:35:00.519503Z,14.3,78.5,129.35,78268597,1954555482
2026-02-18T12:35:05.533117Z,21.6,78.7,165.87,78300047,1954556700
2026-02-18T12:35:10.553404Z,11.1,78.6,113.36,78307306,1954571309
2026-02-18T12:35:15.596345Z,31.8,80.1,217.01,78316990,1954580056
2026-02-18T12:35:20.623024Z,12.5,79.9,120.49,78322152,1954588095
2026-02-18T12:35:25.649719Z,8.3,80.1,99.51,78325299,1954588780
2026-02-18T12:35:30.686811Z,9.2,80.1,104.01,78330492,1954606083
2026-02-18T12:35:35.710531Z,7.5,80.1,95.51,78333236,1954606476
2026-02-18T12:35:40.736126Z,6.8,80.0,92.0,78336251,1954606951
2026-02-18T12:35:45.777963Z,13.1,80.1,123.51,78356326,1954622719
2026-02-18T12:35:50.818977Z,5.0,80.1,83.01,78359447,1954623379
2026-02-18T12:35:55.847824Z,7.9,80.1,97.51,78362404,1954624029
2026-02-18T12:36:00.883367Z,7.1,80.2,93.52,78365304,1954624488
2026-02-18T12:36:05.918543Z,10.2,80.7,109.07,78372516,1954628611
2026-02-18T12:36:10.959918Z,4.5,80.8,80.58,78375878,1954630938
2026-02-18T12:36:16.000614Z,5.6,80.6,86.06,78380309,1954631738
2026-02-18T12:36:21.019463Z,6.6,80.5,91.05,78385573,1954639841
2026-02-18T12:36:26.058348Z,6.6,80.5,91.05,78388480,1954640384
2026-02-18T12:36:31.083341Z,5.3,80.7,84.57,78391377,1954640795
2026-02-18T12:36:36.121560Z,9.6,80.6,106.06,78394836,1954641747
2026-02-18T12:36:41.162197Z,5.9,80.6,87.56,78397644,1954642154
2026-02-18T12:36:46.201339Z,7.6,80.7,96.07,78409634,1954802546
2026-02-18T12:36:51.220871Z,6.2,80.8,89.08,78420628,1954809536
2026-02-18T12:36:56.258348Z,6.0,80.7,88.07,78423831,1954810298
2026-02-18T12:37:01.277650Z,5.8,80.7,87.07,78426568,1954810570
2026-02-18T12:37:06.317661Z,10.7,80.8,111.58,78433588,1954813181
2026-02-18T12:37:11.363186Z,10.4,80.8,110.08,78436729,1954813596
2026-02-18T12:37:16.430043Z,24.8,80.4,182.04,78440611,1954814568
2026-02-18T12:37:21.466303Z,4.5,79.0,80.4,78443382,1954814895
2026-02-18T12:37:26.504974Z,5.8,79.0,86.9,78446181,1954815366
2026-02-18T12:37:31.542860Z,6.4,79.0,89.9,78450880,1954816233
2026-02-18T12:37:36.584618Z,6.4,78.9,89.89,78453680,1954816699
2026-02-18T12:37:41.606924Z,15.8,78.9,136.89,78456747,1954817765
2026-02-18T12:37:46.644019Z,7.5,78.9,95.39,78467360,1954825302
2026-02-18T12:37:51.684821Z,6.4,78.9,89.89,78470288,1954825889
2026-02-18T12:37:56.721981Z,7.8,78.9,96.89,78473457,1954827085
2026-02-18T12:38:01.758667Z,5.2,79.0,83.9,78476167,1954827430
2026-02-18T12:38:06.798935Z,8.7,79.1,101.41,78483063,1954829675
2026-02-18T12:38:11.834712Z,11.1,79.1,113.41,78485933,1954830171
2026-02-18T12:38:16.862017Z,22.8,79.5,171.95,78488995,1954831043
2026-02-18T12:38:21.891123Z,17.3,80.1,144.51,78515929,1954848801
2026-02-18T12:38:26.916145Z,9.2,80.3,104.03,78519406,1954849908
2026-02-18T12:38:31.953612Z,5.8,80.4,87.04,78522684,1954850728
2026-02-18T12:38:36.965674Z,3.1,80.6,73.56,78526014,1954851606
2026-02-18T12:38:42.006353Z,4.9,80.6,82.56,78529083,1954852352
2026-02-18T12:38:47.040702Z,8.6,80.6,101.06,78531875,1954853038
2026-02-18T12:38:52.077775Z,10.9,80.5,112.55,78534634,1954853609
2026-02-18T12:38:57.116357Z,6.7,80.5,91.55,78537401,1954854015
2026-02-18T12:39:02.156060Z,5.6,80.4,86.04,78540204,1954854481
2026-02-18T12:39:07.340894Z,98.7,86.5,552.15,78550694,1954932164
2026-02-18T12:39:12.366733Z,14.1,84.1,128.91,78554392,1954932596
2026-02-18T12:39:17.416349Z,28.2,82.2,199.22,78564054,1954940689
2026-02-18T12:39:22.443228Z,26.7,82.3,191.73,78567174,1954941338
2026-02-18T12:39:27.483768Z,19.8,82.1,157.21,78569862,1954941677
2026-02-18T12:39:32.573924Z,29.1,82.5,203.75,78572722,1954942145
2026-02-18T12:39:37.611213Z,18.4,82.5,150.25,78585160,1954944237
2026-02-18T12:39:42.668137Z,34.1,81.8,228.68,78588123,1954944828
2026-02-18T12:39:47.699286Z,13.4,82.1,125.21,78612109,1954957736
2026-02-18T12:39:52.717032Z,36.3,82.9,239.79,78629071,1954967989
2026-02-18T12:39:57.747003Z,22.1,83.0,168.8,78638887,1954977502
2026-02-18T12:40:02.773861Z,27.1,83.1,193.81,78657074,1955037279
2026-02-18T12:40:07.797331Z,26.3,83.2,189.82,78666326,1955047111
2026-02-18T12:40:12.826549Z,17.3,82.9,144.79,78670014,1955048282
2026-02-18T12:40:17.853309Z,24.4,82.2,180.22,78677637,1955054406
2026-02-18T12:40:22.893985Z,13.9,81.9,127.69,78680533,1955054980
2026-02-18T12:41:59.062327Z,15.9,84.0,137.9,79979019,1955703220
2026-02-18T12:42:04.096416Z,8.2,83.2,99.32,79994111,1955723619
2026-02-18T12:42:09.129789Z,5.2,83.1,84.31,80061594,1955726878
2026-02-18T12:42:14.148309Z,7.2,84.2,94.42,80065192,1955728962
2026-02-18T12:42:19.185505Z,5.3,81.7,84.67,80068356,1955730028
2026-02-18T12:42:24.216661Z,5.0,81.7,83.17,80071620,1955730796
2026-02-18T12:42:29.230668Z,6.9,81.8,92.68,80074283,1955731278
2026-02-18T12:42:34.265019Z,8.4,81.8,100.18,80077524,1955731979
2026-02-18T12:42:39.299206Z,4.9,81.8,82.68,80080152,1955732294
2026-02-18T12:42:44.324658Z,8.7,81.8,101.68,80083006,1955732819
2026-02-18T12:42:49.363714Z,8.4,81.8,100.18,80085689,1955733092
2026-02-18T12:42:54.378070Z,13.4,81.8,125.18,80090520,1955745771
2026-02-18T12:42:59.397914Z,10.8,81.8,112.18,80097791,1955746086
2026-02-18T12:43:04.414486Z,11.1,82.3,113.73,80106083,1955762090
2026-02-18T12:43:09.431389Z,12.4,82.5,120.25,80135681,1955794376
2026-02-18T12:43:14.444720Z,12.5,81.5,120.65,80139727,1955795153
2026-02-18T12:43:19.469189Z,13.5,81.4,125.64,80142877,1955795683
2026-02-18T12:43:24.491671Z,11.4,81.6,115.16,80152901,1955802834
2026-02-18T12:43:29.518062Z,10.5,81.7,110.67,80155690,1955803229
2026-02-18T12:45:12.139477Z,14.2,84.3,129.43,80467587,1956227443
2026-02-18T12:45:17.183563Z,15.4,81.5,135.15,80472257,1956230761
2026-02-18T12:45:22.219689Z,9.1,82.7,103.77,80476117,1956245530
2026-02-18T12:45:27.253265Z,12.4,82.2,120.22,80485767,1956253087
2026-02-18T12:45:32.294982Z,7.0,82.2,93.22,80488769,1956254054
2026-02-18T12:45:37.328291Z,7.4,82.1,95.21,80491785,1956254883
2026-02-18T12:45:42.362415Z,9.1,81.6,103.66,80498344,1956259907
2026-02-18T12:45:47.385190Z,17.2,82.0,144.2,80512594,1956277068
2026-02-18T12:45:52.415728Z,6.0,82.0,88.2,80515457,1956277459
2026-02-18T12:45:57.447758Z,12.0,81.9,118.19,80518486,1956278073
2026-02-18T12:46:02.477637Z,9.4,81.9,105.19,80521489,1956278743
2026-02-18T12:46:07.496405Z,7.2,82.0,94.2,80532043,1956286056
2026-02-18T12:46:12.524311Z,8.5,81.5,100.65,80542782,1956292837
2026-02-18T12:46:17.540302Z,7.8,81.2,97.12,80545823,1956293512
2026-02-18T12:46:22.574147Z,5.9,81.1,87.61,80548646,1956293960
2026-02-18T12:46:27.602035Z,9.8,81.9,107.19,80551485,1956294496
2026-02-18T12:46:32.639078Z,8.7,81.6,101.66,80554592,1956295004
2026-02-18T12:46:37.670905Z,13.7,81.9,126.69,80557716,1956295727
2026-02-18T12:46:42.707453Z,11.0,81.9,113.19,80568808,1956306275
2026-02-18T12:46:47.746322Z,13.8,81.9,127.19,80571597,1956306665
2026-02-18T12:46:52.779133Z,7.3,81.9,94.69,80574705,1956307260
2026-02-18T12:46:57.791606Z,12.1,82.2,118.72,80577633,1956307785
2026-02-18T12:47:02.806733Z,15.4,83.2,135.32,80580504,1956308300
2026-02-18T12:47:07.822151Z,16.2,85.2,139.52,80649069,1956388601
2026-02-18T12:47:12.853318Z,17.7,85.0,147.0,80681301,1956400482
2026-02-18T12:47:17.866069Z,27.1,83.8,193.88,80838347,1956484069
2026-02-18T12:47:22.879145Z,15.0,84.6,133.46,80971933,1956517625
2026-02-18T12:47:27.920509Z,9.3,84.7,104.97,81048519,1956531979
2026-02-18T12:47:32.945810Z,21.5,85.4,166.04,81172048,1956553415
2026-02-18T12:47:37.963929Z,16.4,85.5,140.55,81518852,1956679697
2026-02-18T12:47:42.997867Z,15.3,85.8,135.08,81657802,1956707249
2026-02-18T12:47:48.048892Z,12.9,85.4,123.04,81698637,1956739595
2026-02-18T12:47:53.064224Z,11.8,85.5,117.55,81738353,1956753178
2026-02-18T12:47:58.106464Z,7.1,85.5,94.05,81741208,1956753698
2026-02-18T12:48:03.152013Z,19.1,85.8,154.08,81776050,1956763067
2026-02-18T12:48:08.183022Z,19.5,85.6,156.06,81833865,1956801198
2026-02-18T12:48:13.199380Z,12.5,85.2,121.02,81860284,1956825629
2026-02-18T12:48:18.214977Z,12.9,85.7,123.07,81996476,1956896733
2026-02-18T12:48:23.232006Z,19.4,86.1,155.61,82010898,1956902360
2026-02-18T12:48:28.248338Z,12.1,86.6,119.16,82078752,1956915304
2026-02-18T12:48:33.264392Z,31.6,87.4,216.74,82430889,1957554918
2026-02-18T12:48:38.284930Z,46.9,86.2,293.12,82910514,1961762599
2026-02-18T12:48:43.304094Z,20.2,84.9,159.49,83060704,1962158553
2026-02-18T12:48:48.320411Z,13.6,85.1,126.51,83170010,1962199422
2026-02-18T12:48:53.338470Z,14.4,84.9,130.49,83192852,1962211449
2026-02-18T12:48:58.359019Z,16.5,85.1,141.01,83203685,1962219648
2026-02-18T12:49:18.714415Z,15.3,86.1,135.11,83288821,1962311900
2026-02-18T12:49:23.727957Z,6.3,86.0,90.1,83293493,1962314437
2026-02-18T12:52:53.783745Z,12.4,86.0,120.6,84914007,1964411062
2026-02-18T12:52:58.816193Z,15.0,87.1,133.71,84924171,1964427516
2026-02-18T12:56:22.032761Z,18.4,85.9,150.59,85674282,1965089971
2026-02-18T12:56:27.063023Z,9.1,85.5,104.05,85701140,1965107756
2026-02-18T12:56:32.097269Z,8.9,85.3,103.03,85704157,1965108235
2026-02-18T12:56:37.117062Z,18.3,86.3,150.13,85707312,1965108987
2026-02-18T12:56:42.144032Z,8.6,86.2,101.62,85714943,1965109767
2026-02-18T12:56:47.176214Z,12.5,85.7,121.07,85717716,1965110155
2026-02-18T12:56:52.199628Z,21.5,85.4,166.04,85734927,1965126856
2026-02-18T12:56:57.210116Z,42.4,86.0,270.6,85738040,1965127633
2026-02-18T12:57:02.228101Z,17.1,86.4,144.14,85753901,1965133964
2026-02-18T12:57:07.247984Z,14.2,86.6,129.66,85757367,1965134804
2026-02-18T12:57:12.275736Z,29.8,87.2,207.72,85812098,1965150139
2026-02-18T12:57:17.293691Z,27.2,89.6,194.96,85828064,1965166409
2026-02-18T12:57:22.317556Z,14.6,86.6,131.66,85854568,1965191217
2026-02-18T12:57:27.333827Z,17.4,86.4,145.64,85857967,1965194566
2026-02-18T12:57:32.349788Z,23.6,87.2,176.72,85874677,1965211273
2026-02-18T12:57:33.241615Z,28.0,87.3,198.73,85879268,1965214571
2026-02-18T12:57:37.398518Z,15.2,87.5,134.75,85889117,1965221096
2026-02-18T12:57:38.279589Z,10.5,87.6,111.26,85889117,1965221096
2026-02-18T12:57:42.430007Z,13.0,87.6,123.76,85901290,1965227567
2026-02-18T12:57:43.296761Z,11.6,87.7,116.77,85901511,1965227734
2026-02-18T12:57:47.454037Z,10.6,86.7,111.67,85913666,1965255826
2026-02-18T12:57:48.323052Z,14.8,86.7,132.67,85915545,1965259166
2026-02-18T12:57:52.467430Z,21.2,87.4,164.74,85928644,1965271947
2026-02-18T12:57:53.337924Z,22.2,87.6,169.76,85928868,1965272146
2026-02-18T12:57:57.478464Z,25.1,90.7,184.57,85975215,1965286184
2026-02-18T12:57:58.351721Z,28.0,89.7,198.97,85999847,1965341001
2026-02-18T12:58:02.511193Z,30.1,89.2,209.42,86076926,1965385986
2026-02-18T12:58:03.390334Z,12.2,89.4,119.94,86077103,1965386165
2026-02-18T12:58:07.526958Z,17.9,89.3,148.43,86117761,1965397170
2026-02-18T12:58:08.424813Z,10.9,89.4,113.44,86117761,1965397170
2026-02-18T12:58:12.537193Z,27.3,91.0,195.6,86183785,1965425363
2026-02-18T12:58:13.437204Z,30.8,92.1,213.21,86212864,1965488153
2026-02-18T12:58:17.657175Z,42.5,92.7,271.77,86261671,1965702597
2026-02-18T12:58:18.449221Z,62.5,92.3,371.73,86274540,1965710050
2026-02-18T12:58:22.678819Z,43.0,88.9,273.89,86398136,1965776439
2026-02-18T12:58:27.693953Z,23.3,84.9,174.99,86505046,1965795656
2026-02-18T12:58:32.704052Z,24.9,85.7,183.07,86574535,1965809119
2026-02-18T12:58:37.724978Z,18.7,86.3,152.13,86591523,1965813346
2026-02-18T12:58:42.739116Z,12.1,86.0,119.1,86594677,1965814025
2026-02-18T12:58:47.750939Z,13.8,86.4,127.64,86599662,1965815595
2026-02-18T12:58:52.778104Z,10.5,86.9,111.19,86640421,1965866701
2026-02-18T12:58:57.812928Z,15.1,86.1,134.11,86662147,1965868580
2026-02-18T12:59:02.824926Z,30.1,85.0,209.0,86698120,1965873208
2026-02-18T12:59:35.734118Z,17.1,86.9,144.19,86960854,1966476354
2026-02-18T12:59:40.773406Z,4.5,84.4,80.94,86968581,1966485271
2026-02-18T12:59:45.812957Z,7.4,84.3,95.43,86988139,1966501120
2026-02-18T12:59:50.829609Z,14.5,84.7,130.97,87004107,1966507261
2026-02-18T12:59:55.841604Z,14.6,84.8,131.48,87021666,1966518846
2026-02-18T13:00:00.857294Z,22.8,84.9,172.49,87024637,1966519545
2026-02-18T13:00:05.875391Z,14.9,85.5,133.05,87074791,1966543125
2026-02-18T13:00:10.886331Z,16.5,85.8,141.08,87089943,1966563186
2026-02-18T13:00:15.915073Z,6.1,86.6,89.16,87144779,1966580625
2026-02-18T13:00:20.943588Z,11.9,86.0,118.1,87148479,1966584287
2026-02-18T13:00:25.961267Z,8.3,85.5,100.05,87160690,1966599950
2026-02-18T13:00:30.988369Z,5.8,85.6,87.56,87165227,1966605298
2026-02-18T13:00:36.003280Z,3.7,85.5,77.05,87168980,1966608697
2026-02-18T13:00:41.029619Z,10.3,85.8,110.08,87183041,1966621585
2026-02-18T13:00:46.044429Z,6.2,85.8,89.58,87185796,1966622039
2026-02-18T13:00:51.060725Z,10.7,86.3,112.13,87189232,1966625885
2026-02-18T13:00:56.077300Z,8.5,85.8,101.08,87193064,1966627186
2026-02-18T13:01:01.096721Z,6.0,85.8,88.58,87196061,1966627908
2026-02-18T13:01:06.120211Z,7.6,85.9,96.59,87202811,1966634302
2026-02-18T13:01:11.135666Z,6.0,85.7,88.57,87206008,1966634879
2026-02-18T13:01:16.164488Z,7.1,85.8,94.08,87213875,1966637483
2026-02-18T13:01:21.183817Z,13.1,85.8,124.08,87216961,1966638255
2026-02-18T13:01:26.209002Z,10.5,85.8,111.08,87220341,1966639077
2026-02-18T13:01:31.236679Z,35.0,85.5,233.55,87223324,1966639722
2026-02-18T13:01:36.261524Z,5.1,85.4,84.04,87226178,1966640222
2026-02-18T13:01:41.286389Z,6.0,85.4,88.54,87229873,1966641340
2026-02-18T13:01:46.316900Z,4.7,85.6,82.06,87232895,1966642111
2026-02-18T13:01:51.347214Z,5.5,85.7,86.07,87235975,1966642869
2026-02-18T13:01:56.377874Z,5.7,87.4,87.24,87239048,1966643446
2026-02-18T13:02:01.404382Z,7.2,87.4,94.74,87241958,1966644031
2026-02-18T13:02:06.436127Z,9.7,84.9,106.99,87267362,1966653039
2026-02-18T13:02:11.469388Z,6.6,85.0,91.5,87270881,1966654156
2026-02-18T13:02:16.499011Z,9.3,85.0,105.0,87284430,1966663758
2026-02-18T13:02:21.523076Z,14.8,80.0,132.0,87288065,1966665031
2026-02-18T13:02:26.552008Z,6.2,80.1,89.01,87291882,1966666169
2026-02-18T13:02:31.585256Z,6.5,80.2,90.52,87304775,1966678227
2026-02-18T13:02:36.617583Z,8.5,81.8,100.68,87307887,1966678781
2026-02-18T13:02:41.648729Z,7.0,81.9,93.19,87311397,1966680049
2026-02-18T13:02:46.677950Z,7.5,81.7,95.67,87412312,1966698744
2026-02-18T13:02:51.709144Z,8.0,81.9,98.19,87440016,1966720793
2026-02-18T13:02:56.738446Z,4.9,81.9,82.69,87442887,1966724447
2026-02-18T13:03:01.767506Z,4.7,82.0,81.7,87446049,1966731633
2026-02-18T13:03:06.797343Z,7.6,81.6,96.16,87449233,1966732510
2026-02-18T13:03:11.831252Z,9.5,81.6,105.66,87453076,1966733585
2026-02-18T13:03:16.846376Z,4.8,82.3,82.23,87461950,1966736566
2026-02-18T13:03:21.874180Z,5.3,82.3,84.73,87464961,1966737343
2026-02-18T13:03:26.887701Z,7.1,82.3,93.73,87467882,1966737838
2026-02-18T13:03:31.904280Z,5.9,82.3,87.73,87471017,1966738712
2026-02-18T13:03:36.919207Z,36.5,82.0,240.7,87474020,1966739372
2026-02-18T13:24:48.737618Z,43.0,87.8,273.78,90891018,1970051364
2026-02-18T13:24:53.778627Z,11.0,88.0,113.8,90925888,1970161864
2026-02-18T13:24:58.818844Z,16.5,87.8,141.28,90936992,1970177466
2026-02-18T13:25:03.844376Z,16.1,87.6,139.26,90940642,1970186418
2026-02-18T13:25:08.881954Z,9.8,87.3,107.73,90950452,1970201963
2026-02-18T13:25:13.909772Z,34.0,88.8,228.88,90954226,1970202881
2026-02-18T13:25:18.953624Z,20.8,84.0,162.4,90971262,1970224495
2026-02-18T13:25:23.992661Z,6.4,83.6,90.36,90974252,1970225054
2026-02-18T13:25:29.022381Z,11.2,83.3,114.33,90977372,1970225790
2026-02-18T13:25:34.061465Z,19.4,83.3,155.33,90980280,1970226516
2026-02-18T13:25:39.085696Z,14.8,83.7,132.37,90984283,1970228246
2026-02-18T13:25:44.109434Z,8.3,86.6,100.16,90987519,1970229162
2026-02-18T13:25:49.150278Z,15.9,84.0,137.9,90993383,1970236077
2026-02-18T13:25:54.172944Z,14.4,83.8,130.38,91000545,1970238636
2026-02-18T13:25:59.200414Z,14.8,83.8,132.38,91003646,1970239416
2026-02-18T13:26:04.239583Z,19.1,83.7,153.87,91007010,1970240374
2026-02-18T13:26:09.262188Z,20.4,84.1,160.41,91010020,1970240863
2026-02-18T13:26:14.282948Z,10.7,84.2,111.92,91013109,1970241622
2026-02-18T13:26:19.316086Z,14.2,83.4,129.34,91020265,1970248488
2026-02-18T13:26:24.355401Z,8.9,83.5,102.85,91023861,1970249630
2026-02-18T13:26:29.390558Z,8.1,83.0,98.8,91027698,1970250523
2026-02-18T13:26:34.434540Z,3.9,83.1,77.81,91030661,1970251314
2026-02-18T13:26:39.470281Z,5.3,83.1,84.81,91033638,1970251931
2026-02-18T13:26:44.505425Z,4.5,83.1,80.81,91036563,1970252558
2026-02-18T13:26:49.534749Z,5.4,83.2,85.32,91042465,1970257489
2026-02-18T13:26:54.573044Z,9.2,83.1,104.31,91050114,1970260454
2026-02-18T13:26:59.611744Z,3.5,83.2,75.82,91054683,1970261678
2026-02-18T13:27:04.663673Z,20.7,85.8,162.08,91057537,1970262237
2026-02-18T13:27:09.694175Z,24.0,86.5,178.65,91060913,1970262945
2026-02-21T05:57:28.892444Z,32.6,82.4,221.24,23645111,180639958
2026-02-21T05:57:33.925498Z,16.4,82.7,140.27,23645695,180643305
2026-02-21T05:57:38.939372Z,31.8,82.8,217.28,23646497,180644239
2026-02-21T05:57:43.976397Z,11.0,82.1,113.21,23647109,180644615
2026-02-21T05:57:48.995192Z,35.1,83.4,233.84,23659701,180660274
2026-02-21T05:57:54.014995Z,48.7,83.8,301.88,23704867,181261163
2026-02-21T05:57:59.034880Z,40.2,84.2,259.42,23746125,185983547
2026-02-21T05:58:04.054129Z,38.3,84.2,249.92,23746276,185983709
2026-02-21T05:58:09.073753Z,21.4,84.1,165.41,23746733,185984081
2026-02-21T05:58:14.093775Z,11.6,84.1,116.41,23755341,185991348
2026-02-21T05:58:30.794511Z,14.7,82.9,131.79,23767176,186003575
2026-02-21T05:58:35.812078Z,12.3,82.9,119.79,23767634,186006549
2026-02-21T05:58:40.851323Z,10.8,82.8,112.28,23767854,186006813
2026-02-21T05:58:45.870233Z,11.1,82.6,113.76,23767951,186007589
2026-02-21T05:58:50.897275Z,7.6,82.9,96.29,23772422,186008660
2026-02-21T05:58:55.913758Z,16.1,83.4,138.84,23781534,186085886
2026-02-21T05:59:00.931919Z,13.0,83.5,123.35,23791206,186100067
2026-02-21T05:59:05.973289Z,22.5,83.1,170.81,23791412,186100516
2026-02-21T05:59:10.996672Z,16.6,83.1,141.31,23792457,186101390
2026-02-21T05:59:16.013776Z,26.4,84.5,190.45,23824486,186122238
2026-02-21T05:59:21.029494Z,24.1,85.8,179.08,23833257,186130788
2026-02-21T05:59:26.043540Z,25.0,87.4,183.74,23863372,186156622
2026-02-21T05:59:31.057448Z,14.3,83.6,129.86,23881166,186235725
2026-02-21T05:59:36.088122Z,14.0,84.1,128.41,23890021,186329232
2026-02-21T05:59:41.119221Z,15.0,81.9,133.19,23901450,186346092
2026-02-21T05:59:46.145975Z,18.6,83.6,151.36,23909411,186357745
2026-02-21T05:59:51.186869Z,15.9,86.3,138.13,23921008,186365098
2026-02-21T05:59:56.218172Z,11.0,85.0,113.5,23922925,186369004
2026-02-21T06:00:01.253856Z,16.9,84.8,142.98,24104036,186401547
2026-02-21T06:00:06.266712Z,33.5,86.6,226.16,24144079,186415606
2026-02-21T06:00:11.284263Z,36.8,87.1,242.71,24160564,186439506
2026-02-21T06:00:16.303283Z,18.3,87.2,150.22,24171731,186440682
2026-02-21T06:00:21.322870Z,30.8,86.8,212.68,24173441,186442436
2026-02-21T06:00:23.562113Z,37.8,87.1,247.71,24193383,186464397
2026-02-21T06:00:26.340046Z,22.1,87.0,169.2,24196287,186467360
2026-02-21T06:00:28.589031Z,21.4,87.3,165.73,24197626,186467970
2026-02-21T06:00:31.361629Z,16.0,87.7,138.77,24197769,186468739
2026-02-21T06:00:33.808241Z,13.2,88.1,124.81,24198908,186469758
2026-02-21T06:00:36.406300Z,15.5,88.2,136.32,24198908,186469758
2026-02-21T06:00:38.850675Z,10.0,88.4,108.84,24202163,186470963
2026-02-21T06:00:41.448808Z,14.6,88.0,131.8,24202163,186470963
2026-02-21T06:00:43.868241Z,16.6,87.7,141.77,24202218,186471196
2026-02-21T06:00:46.482356Z,10.8,88.0,112.8,24202691,186471556
2026-02-21T06:00:48.884670Z,21.5,88.1,166.31,24202859,186471622
2026-02-21T06:00:51.524891Z,18.6,88.0,151.8,24204428,186473110
2026-02-21T06:00:53.927482Z,15.0,88.0,133.8,24204428,186473277
2026-02-21T06:00:56.556533Z,14.8,88.0,132.8,24204428,186473277
2026-02-21T06:00:58.973485Z,15.1,88.1,134.31,24204806,186473536
2026-02-21T06:01:01.585101Z,13.2,88.2,124.82,24205149,186473816
2026-02-21T06:01:04.015104Z,17.2,88.3,144.83,24217721,186493857
2026-02-21T06:01:06.602143Z,14.0,88.3,128.83,24238225,186515977
2026-02-21T06:01:09.032548Z,13.4,88.3,125.83,24239057,186523538
2026-02-21T06:01:11.642574Z,12.4,88.6,120.86,24239618,186523736
2026-02-21T06:01:14.063585Z,13.2,88.7,124.87,24240677,186524304
2026-02-21T06:01:16.669923Z,12.7,88.7,122.37,24240790,186524412
2026-02-21T06:01:19.193538Z,23.8,88.7,177.87,24246470,186530327
2026-02-21T06:01:21.688158Z,16.4,88.7,140.87,24246710,186531418
2026-02-21T06:01:24.214957Z,12.0,88.7,118.87,24246969,186531743
2026-02-21T06:01:26.702012Z,20.3,88.7,160.37,24246969,186531743
2026-02-21T06:01:29.229487Z,17.3,88.8,145.38,24248574,186533236
2026-02-21T06:01:31.746056Z,14.6,89.1,131.91,24262063,186535160
2026-02-21T06:01:36.781472Z,14.3,89.2,130.42,24270061,186543258
2026-02-21T06:01:41.799363Z,14.0,88.4,128.84,24270345,186543485
2026-02-21T06:01:46.844538Z,8.5,88.0,101.3,24270500,186543748
2026-02-21T06:01:51.879051Z,11.9,88.0,118.3,24277120,186559585
2026-02-21T06:01:56.920787Z,8.8,85.2,102.52,24277615,186560150
2026-02-21T06:02:01.949422Z,17.5,85.7,146.07,24277615,186560150
2026-02-21T06:02:06.981618Z,14.0,85.8,128.58,24277724,186560437
2026-02-21T06:02:12.021725Z,15.1,85.8,134.08,24285379,186568630
2026-02-21T06:02:17.037540Z,19.4,85.7,155.57,24285946,186569287
2026-02-21T06:02:22.051571Z,9.1,85.7,104.07,24286282,186569560
2026-02-21T06:02:27.093069Z,5.7,87.2,87.22,24286488,186570021
2026-02-21T06:02:32.135218Z,11.3,85.8,115.08,24286530,186570063
2026-02-21T06:02:37.165657Z,11.5,85.8,116.08,24286932,186570592
2026-02-21T06:02:42.181840Z,20.2,86.3,159.63,24287113,186570792
2026-02-21T06:02:47.194696Z,10.9,84.1,112.91,24288148,186573046
2026-02-21T06:02:52.229660Z,13.0,84.3,123.43,24298088,186591300
2026-02-21T06:02:57.263785Z,16.2,84.3,139.43,24307876,186601732
2026-02-21T06:03:02.462589Z,92.8,88.8,522.88,24361946,186684219
2026-02-21T06:03:07.499118Z,30.9,79.0,212.4,24377366,187100107
2026-02-21T06:03:12.522244Z,25.6,78.7,185.87,24378084,187100635
2026-02-21T06:03:17.543690Z,17.0,80.2,143.02,24378778,187101451
2026-02-21T06:03:22.563620Z,12.3,80.1,119.51,24386028,187109368
2026-02-21T06:03:27.602735Z,12.3,80.5,119.55,24401562,187116640
2026-02-21T06:03:32.644018Z,14.1,80.6,128.56,24402284,187117260
2026-02-21T06:03:37.689488Z,15.0,80.8,133.08,24402778,187117838
2026-02-21T06:03:42.732210Z,11.6,80.9,116.09,24402985,187118094
2026-02-21T06:03:47.775256Z,12.0,81.1,118.11,24412828,187126508
2026-02-21T06:03:52.795110Z,15.3,81.1,134.61,24416670,187202404
2026-02-21T06:03:57.834461Z,17.5,81.2,145.62,24427458,187217001
2026-02-21T06:04:02.876501Z,11.7,81.4,116.64,24427571,187217222
2026-02-21T06:04:07.889357Z,19.5,81.7,155.67,24427955,187217630
2026-02-21T06:04:12.909441Z,86.9,86.6,493.16,24428224,187218023
2026-02-21T06:04:17.932902Z,15.8,85.2,137.52,24428700,187218461
2026-02-21T06:04:22.978634Z,13.7,83.1,126.81,24429367,187219169
2026-02-21T06:04:28.030071Z,39.2,83.2,254.32,24447388,187233277
2026-02-21T06:04:33.058450Z,12.0,83.0,118.3,24447790,187233736
2026-02-21T06:04:38.099863Z,10.8,83.2,112.32,24458599,187240195
2026-02-21T06:04:43.130931Z,12.9,83.2,122.82,24466055,187248504
2026-02-21T06:04:48.166201Z,23.4,83.2,175.32,24466288,187248750
2026-02-21T06:04:53.215591Z,19.3,82.7,154.77,24466602,187249107
2026-02-21T06:04:58.247858Z,15.6,82.7,136.27,24468433,187251455
2026-02-21T06:05:03.287629Z,25.5,82.8,185.78,24468705,187252012
2026-02-21T06:05:08.303010Z,14.5,82.9,130.79,24468979,187252330
2026-02-21T06:05:13.333004Z,20.2,84.0,159.4,24496537,187267550
2026-02-21T06:05:18.667265Z,30.9,86.3,213.13,24500110,187273817
2026-02-21T06:05:23.683071Z,11.9,86.3,118.13,24514360,187299323
2026-02-21T06:05:28.697705Z,15.7,87.4,137.24,24523758,187315518
2026-02-21T06:05:33.712763Z,33.4,86.4,225.64,24543354,187351063
2026-02-21T06:05:38.735107Z,14.5,83.8,130.88,24552257,187360978
2026-02-21T06:05:43.758253Z,37.5,81.8,245.68,24572327,187380231
2026-02-21T06:05:48.780844Z,16.1,82.4,138.74,25057745,187551487
2026-02-21T06:05:53.797952Z,16.8,80.9,142.09,25075793,187571670
2026-02-21T06:05:58.813418Z,11.1,81.1,113.61,25095462,187588306
2026-02-21T06:06:03.830060Z,15.1,82.4,133.74,25104835,187599357
2026-02-21T06:06:08.844016Z,17.7,83.4,146.84,25113529,187609102
2026-02-21T06:06:13.862054Z,14.6,83.5,131.35,25122073,187618771
2026-02-21T06:06:18.875998Z,14.5,82.7,130.77,25130907,187628471
2026-02-21T06:06:23.891300Z,12.1,82.8,118.78,25139361,187637760
2026-02-21T06:06:28.906286Z,22.1,83.5,168.85,25147935,187647110
2026-02-21T06:06:33.921564Z,15.7,83.6,136.86,25156689,187656836
2026-02-21T06:06:38.938763Z,14.8,83.1,132.31,25165399,187666346
2026-02-21T06:06:43.952359Z,17.2,82.9,144.29,25173946,187675721
2026-02-21T06:06:48.970141Z,24.7,83.3,181.83,25182714,187685163
2026-02-21T06:06:53.981107Z,15.8,82.6,137.26,25191598,187695284
2026-02-21T06:06:58.998615Z,13.2,79.3,123.93,25206419,187707332
2026-02-21T06:07:04.013041Z,12.2,79.3,118.93,25214522,187716617
2026-02-21T06:07:09.027708Z,13.4,79.4,124.94,25221652,187725768
2026-02-21T06:07:14.045443Z,13.7,79.4,126.44,25231088,187736013
2026-02-21T06:07:19.060246Z,14.8,79.4,131.94,25236644,187745316
2026-02-21T06:07:24.077733Z,13.6,79.4,125.94,25242785,187754355
2026-02-21T06:07:29.092821Z,12.5,79.5,120.45,25249041,187763955
2026-02-21T06:07:34.109103Z,14.7,79.6,131.46,25255879,187773476
2026-02-21T06:07:39.123580Z,15.2,79.6,133.96,25268449,187790013
2026-02-21T06:07:44.139176Z,15.6,79.6,135.96,25274481,187799314
2026-02-21T06:07:49.151249Z,15.1,79.6,133.46,25282711,187813506
2026-02-21T06:07:54.168199Z,13.0,79.7,122.97,25291561,187828226
2026-02-21T06:07:59.187424Z,17.7,79.7,146.47,25299691,187837826
2026-02-21T06:08:04.201451Z,11.2,80.0,114.0,25308544,187848534
2026-02-21T06:08:09.214749Z,13.8,80.3,127.03,25316014,187858079
2026-02-21T06:08:14.230123Z,15.5,80.2,135.52,25324219,187867242
2026-02-21T06:08:19.246190Z,18.5,80.2,150.52,25333192,187876565
2026-02-21T06:08:24.261941Z,10.8,80.2,112.02,25341994,187886471
2026-02-21T06:08:29.276076Z,14.4,80.2,130.02,25350897,187896239
2026-02-21T06:08:34.291314Z,16.8,80.4,142.04,25359203,187905553
2026-02-21T06:08:39.305222Z,15.4,80.3,135.03,25367421,187914544
2026-02-21T06:08:44.318248Z,14.8,80.4,132.04,25383897,187932611
2026-02-21T06:08:49.330105Z,35.3,82.3,234.73,25389171,187941829
2026-02-21T06:08:54.346784Z,13.0,82.9,123.29,25408572,188035306
2026-02-21T06:08:59.387939Z,8.4,78.3,99.83,25428272,188072894
2026-02-21T06:09:04.429939Z,8.2,78.3,98.83,25436930,188082889
2026-02-21T06:09:09.472269Z,8.7,78.2,101.32,25445849,188092954
2026-02-21T06:09:14.514787Z,7.4,78.1,94.81,25455522,188102527
2026-02-21T06:09:19.531836Z,72.1,79.6,418.46,25474937,188121078
2026-02-21T06:09:24.543496Z,27.4,80.2,195.02,25490743,188147095
2026-02-21T06:09:29.556143Z,25.8,80.1,187.01,25527015,188193327
2026-02-21T06:09:34.571277Z,29.4,79.0,204.9,25535247,188202595
2026-02-21T06:09:39.585750Z,17.6,79.6,145.96,25542352,188212127
2026-02-21T06:09:44.600200Z,14.6,79.0,130.9,25548257,188221612
2026-02-21T06:09:49.615587Z,16.3,78.7,139.37,25565634,188245265
2026-02-21T06:09:54.630104Z,16.9,78.8,142.38,25587624,188278841
2026-02-21T06:09:59.645002Z,16.1,79.0,138.4,25606935,188369133
2026-02-21T06:10:04.659013Z,11.5,80.8,115.58,25613366,188380498
2026-02-21T06:10:09.672222Z,22.2,81.5,169.15,25620416,188389528
2026-02-21T06:10:14.693943Z,13.5,81.3,125.63,25631370,188423960
2026-02-21T06:10:19.706831Z,45.5,82.7,285.77,25639924,188438975
2026-02-21T06:10:24.719838Z,25.6,83.1,186.31,25646996,188440646
2026-02-21T06:10:29.732252Z,28.2,84.3,199.43,25653666,188440861
2026-02-21T06:10:34.745962Z,38.2,83.8,249.38,25653776,188441160
2026-02-21T06:10:39.759434Z,28.7,83.5,201.85,25654508,188441741
2026-02-21T06:10:44.773726Z,35.1,83.7,233.87,25658891,188447299
2026-02-21T06:10:49.786746Z,33.2,83.3,224.33,25659688,188447859
2026-02-21T06:10:54.800976Z,31.9,83.7,217.87,25663461,188453352
2026-02-21T06:10:59.816568Z,36.3,83.9,239.89,25663997,188453843
2026-02-21T06:11:04.830858Z,39.3,85.3,255.03,25676389,188474718
2026-02-21T06:11:09.846113Z,33.8,85.3,227.53,25676746,188475028
2026-02-21T06:11:14.860709Z,29.2,85.3,204.53,25678097,188476727
2026-02-21T06:11:19.875399Z,31.5,86.8,216.18,25690244,188489029
2026-02-21T06:11:24.891341Z,19.1,87.9,154.29,25694908,188492134
2026-02-21T06:11:29.907452Z,29.9,86.0,208.1,25778435,191261875
2026-02-21T06:11:34.923475Z,39.9,86.4,258.14,25794018,191844289
2026-02-21T06:11:39.938624Z,38.5,88.7,251.37,25828578,191861192
2026-02-21T06:11:44.969089Z,41.5,89.6,266.46,25842580,191913161
2026-02-21T06:11:49.999024Z,36.6,89.4,241.94,25851828,191923103
2026-02-21T06:11:55.014387Z,27.7,88.2,197.32,25858883,191932655
2026-02-21T06:12:00.032037Z,19.3,86.9,155.19,25868775,191943634
2026-02-21T06:12:05.051273Z,13.2,86.7,124.67,25875606,191952668
2026-02-21T06:12:10.066728Z,27.9,86.8,198.18,25884532,191962440
2026-02-21T06:12:15.081472Z,11.3,86.5,115.15,25893382,191972192
2026-02-21T06:12:20.097529Z,19.4,86.1,155.61,25902617,191981963
2026-02-21T06:12:25.111768Z,19.9,86.0,158.1,25911665,191992280
2026-02-21T06:12:30.127955Z,13.1,86.0,124.1,25919792,192002028
2026-02-21T06:12:35.144852Z,13.9,85.8,128.08,25928377,192011463
2026-02-21T06:12:40.160705Z,33.7,86.4,227.14,25937145,192021593
2026-02-21T06:12:45.178684Z,45.4,85.4,285.54,25960759,192083282
2026-02-21T06:12:50.195054Z,39.3,85.5,255.05,25969776,192103756
2026-02-21T06:12:55.213218Z,17.8,85.5,147.55,25978750,192113473
2026-02-21T06:13:00.229574Z,14.6,85.5,131.55,26011654,192128649
2026-02-21T06:13:05.242626Z,15.7,85.4,137.04,26024669,192143637
2026-02-21T06:13:10.258658Z,34.3,85.5,230.05,26033219,192152930
2026-02-21T06:13:15.271886Z,51.3,83.8,314.88,26042922,192162660
2026-02-21T06:13:20.288553Z,48.8,84.6,302.46,26064572,192202487
2026-02-21T06:13:25.304702Z,17.7,84.5,146.95,26080492,192231283
2026-02-21T06:13:30.318872Z,14.2,84.4,129.44,26087759,192240363
2026-02-21T06:13:35.333916Z,17.3,84.4,144.94,26096458,192249753
2026-02-21T06:13:40.349072Z,32.8,84.4,222.44,26105943,192259619
2026-02-21T06:13:45.364019Z,28.4,84.3,200.43,26114708,192269095
2026-02-21T06:13:50.380349Z,39.3,84.3,254.93,26123988,192278851
2026-02-21T06:13:55.397437Z,14.2,84.4,129.44,26138169,192357563
2026-02-21T06:14:00.417512Z,17.6,84.4,146.44,26149326,192371911
2026-02-21T06:14:05.432729Z,12.8,84.5,122.45,26163468,192399588
2026-02-21T06:14:10.507679Z,31.3,84.5,214.95,26173214,192409773
2026-02-21T06:14:15.523397Z,31.9,84.4,217.94,26182193,192419684
2026-02-21T06:14:20.537139Z,44.6,82.5,281.25,26194219,192429850
2026-02-21T06:14:25.553651Z,19.4,78.4,154.84,26203391,192439888
2026-02-21T06:14:30.568901Z,18.8,76.2,151.62,26231916,192465603
2026-02-21T06:14:35.580386Z,13.4,78.4,124.84,26240268,192475139
2026-02-21T06:14:40.598146Z,36.2,79.1,238.91,26249252,192484659
2026-02-21T06:14:45.614597Z,30.7,79.8,211.48,26257981,192494706
2026-02-21T06:14:50.630355Z,33.9,80.1,227.51,26267230,192504856
2026-02-21T06:14:55.645469Z,16.8,80.7,142.07,26277259,192515512
2026-02-21T06:15:00.660955Z,14.7,80.3,131.53,26286014,192527228
2026-02-21T06:15:05.678214Z,15.3,80.2,134.52,26294763,192536955
2026-02-21T06:15:10.695625Z,34.9,80.4,232.54,26302395,192547376
2026-02-21T06:15:15.713790Z,37.7,81.2,246.62,26311651,192567117
2026-02-21T06:15:20.731419Z,39.1,81.6,253.66,26320684,192577307
2026-02-21T06:15:25.747769Z,33.9,81.1,227.61,26328719,192586835
2026-02-21T06:15:30.763058Z,30.1,80.9,208.59,26335821,192596131
2026-02-21T06:15:35.800046Z,38.9,81.0,252.6,26343978,192605553
2026-02-21T06:15:40.814756Z,37.5,81.0,245.6,26354577,192622571
2026-02-21T06:15:45.832578Z,31.2,81.1,214.11,26375135,192640337
2026-02-21T06:15:50.852109Z,34.2,81.2,229.12,26391295,192664206
2026-02-21T06:15:55.868967Z,45.3,81.6,284.66,26421195,192694296
2026-02-21T06:16:00.885259Z,34.7,81.5,231.65,26429997,192703710
2026-02-21T06:16:05.902345Z,34.0,81.3,228.13,26438619,192713144
2026-02-21T06:16:10.918898Z,30.7,81.4,211.64,26447550,192722652
2026-02-21T06:16:15.933786Z,32.7,81.3,221.63,26456700,192732501
2026-02-21T06:16:20.950301Z,38.2,81.4,249.14,26465433,192741644
2026-02-21T06:16:25.966603Z,36.1,81.2,238.62,26473989,192751252
2026-02-21T06:16:30.981967Z,29.4,81.2,205.12,26481915,192760619
2026-02-21T06:16:35.996367Z,29.8,81.3,207.13,26486526,192770215
2026-02-21T06:16:41.013396Z,33.1,81.3,223.63,26494003,192780397
2026-02-21T06:16:46.028669Z,33.5,81.3,225.63,26500493,192789866
2026-02-21T06:16:51.045385Z,39.3,81.3,254.63,26507264,192799141
2026-02-21T06:16:56.061224Z,43.1,79.2,273.42,26513987,192808136
2026-02-21T06:17:01.077067Z,30.7,79.1,211.41,26520222,192817820
2026-02-21T06:17:06.096910Z,32.2,79.2,218.92,26528404,192827190
2026-02-21T06:17:11.114064Z,34.7,79.2,231.42,26537566,192837061
2026-02-21T06:17:16.131400Z,37.3,79.2,244.42,26547241,192846909
2026-02-21T06:17:21.148774Z,34.4,79.3,229.93,26555964,192856349
2026-02-21T06:17:26.161905Z,34.8,79.3,231.93,26565180,192866080
2026-02-21T06:17:31.177248Z,39.5,79.3,255.43,26573464,192875709
2026-02-21T06:17:36.194972Z,35.0,79.2,232.92,26579618,192884621
2026-02-21T06:17:41.209214Z,35.4,79.2,234.92,26583804,192894119
2026-02-21T06:17:46.226221Z,36.7,79.3,241.43,26590764,192960137
2026-02-21T06:17:51.251033Z,36.2,79.2,238.92,26596324,192969345
2026-02-21T06:17:56.268806Z,40.8,80.1,262.01,26602349,192984140
2026-02-21T06:18:01.285202Z,31.8,80.1,217.01,26609237,192993975
2026-02-21T06:18:06.299986Z,35.9,80.2,237.52,26618333,193004749
2026-02-21T06:18:11.315943Z,35.2,80.4,234.04,26627778,193014645
2026-02-21T06:18:16.333173Z,32.3,80.5,219.55,26642731,193040992
2026-02-21T06:18:21.348556Z,32.2,80.7,219.07,26651928,193050646
2026-02-21T06:18:26.365050Z,34.9,80.4,232.54,26660863,193060417
2026-02-21T06:18:31.380037Z,34.6,80.5,231.05,26669688,193069857
2026-02-21T06:18:36.396072Z,35.4,80.6,235.06,26678286,193079330
2026-02-21T06:18:41.410232Z,33.5,80.7,225.57,26686836,193088713
2026-02-21T06:18:46.428138Z,32.7,80.8,221.58,26692688,193096719
2026-02-21T06:18:51.442678Z,32.3,80.6,219.56,26699116,193195089
2026-02-21T06:18:56.459987Z,40.3,80.7,259.57,26701104,193209571
2026-02-21T06:19:01.474276Z,32.2,80.7,219.07,26705004,193217401
2026-02-21T06:19:06.487523Z,35.9,80.8,237.58,26712074,193226784
2026-02-21T06:19:11.503910Z,31.8,80.7,217.07,26717632,193233124
2026-02-21T06:19:16.522257Z,39.9,81.5,257.65,26718905,193236564
2026-02-21T06:19:21.538081Z,26.7,81.5,191.65,26719305,193236760
2026-02-21T06:19:26.553326Z,45.5,81.6,285.66,26719580,193237159
2026-02-21T06:19:31.570470Z,33.8,81.6,227.16,26737601,193251247
2026-02-21T06:19:36.585306Z,40.0,81.5,258.15,26737711,193251546
2026-02-21T06:19:41.602402Z,31.4,81.5,215.15,26738382,193251861
2026-02-21T06:19:46.617552Z,35.4,81.6,235.16,26738545,193252374
2026-02-21T06:19:51.633910Z,28.2,81.4,199.14,26738545,193252428
2026-02-21T06:19:56.650393Z,34.9,81.3,232.63,26739901,193253843
2026-02-21T06:20:01.665425Z,37.1,81.2,243.62,26740286,193254247
2026-02-21T06:20:06.680832Z,28.6,81.3,201.13,26740615,193254702
2026-02-21T06:20:11.697322Z,61.8,82.8,367.28,26825686,193338191
2026-02-21T06:20:16.717196Z,32.4,81.1,220.11,26843111,193397660
2026-02-21T06:20:21.736984Z,33.2,82.5,224.25,26860771,193605082
2026-02-21T06:20:26.753268Z,28.8,81.0,202.1,26881048,194090628
2026-02-21T06:20:31.773410Z,36.5,78.2,240.32,26890542,194092686
2026-02-21T06:20:36.788741Z,19.8,77.8,156.78,26890775,194093099
2026-02-21T06:20:41.807891Z,26.8,77.6,191.76,26890846,194093166
2026-02-21T06:20:46.825330Z,27.7,77.6,196.26,26891011,194103573
2026-02-21T06:20:51.858622Z,15.6,77.6,135.76,26899868,194113097
2026-02-21T06:20:56.876481Z,30.3,77.6,209.26,26900378,194113750
2026-02-21T06:21:01.893671Z,27.7,77.4,196.24,26900536,194113885
2026-02-21T06:21:06.913930Z,26.9,77.8,192.28,26900771,194114378
2026-02-21T06:21:11.929828Z,21.5,77.9,165.29,26901944,194115086
2026-02-21T06:21:16.945825Z,25.2,77.9,183.79,26903705,194116219
2026-02-21T06:21:21.981316Z,15.2,77.8,133.78,26903818,194116327
2026-02-21T06:21:27.000448Z,26.3,78.0,189.3,26903927,194116614
2026-02-21T06:21:32.019992Z,23.4,78.0,174.8,26904358,194117372
2026-02-21T06:21:37.039035Z,29.4,77.9,204.79,26904538,194117727
2026-02-21T06:21:42.055815Z,26.8,77.5,191.75,26905026,194118174
2026-02-21T06:21:47.075815Z,25.6,77.6,185.76,26917925,194133512
2026-02-21T06:21:52.109371Z,15.5,77.5,135.25,26917980,194133578
2026-02-21T06:21:57.129734Z,30.6,76.6,210.66,26929619,194148859
2026-02-21T06:22:02.147928Z,24.0,76.5,177.65,26930079,194149287
2026-02-21T06:22:07.168091Z,22.1,76.3,168.13,26930353,194149620
2026-02-21T06:22:12.184712Z,26.6,76.3,190.63,26931017,194149994
2026-02-21T06:22:17.201570Z,26.3,76.2,189.12,26931663,194150692
2026-02-21T06:22:22.237409Z,29.3,77.1,204.21,26931759,194150827
2026-02-21T06:22:27.259729Z,36.2,77.4,238.74,26932066,194151162
2026-02-21T06:22:32.281097Z,27.8,76.8,196.68,26953584,194176998
2026-02-21T06:22:37.299004Z,29.2,76.6,203.66,26979409,194226175
2026-02-21T06:22:42.311946Z,35.8,75.8,236.58,27023761,194277811
2026-02-21T06:22:47.329492Z,40.7,76.3,261.13,27024576,194420463
2026-02-21T06:22:52.368379Z,11.8,77.2,116.72,27025823,194422369
2026-02-21T06:22:57.388501Z,27.2,76.9,193.69,27026090,194422749
2026-02-21T06:23:02.406860Z,28.2,75.2,198.52,27026365,194423023
2026-02-21T06:23:07.434317Z,26.1,75.3,188.03,27026865,194423354
2026-02-21T06:23:12.451379Z,39.6,76.5,255.65,27054471,194446585
2026-02-21T06:23:17.469951Z,32.6,76.6,220.66,27062363,194460500
2026-02-21T06:23:22.493728Z,14.4,76.6,129.66,27069847,194468877
2026-02-21T06:23:27.512920Z,34.9,77.3,232.23,27125007,194720154
2026-02-21T06:23:32.532352Z,25.7,77.4,186.24,27125388,194721870
2026-02-21T06:23:37.555206Z,34.9,76.5,232.15,27125892,194722430
2026-02-21T06:23:42.571650Z,25.0,76.3,182.63,27133104,194730401
2026-02-21T06:23:47.590547Z,25.8,76.4,186.64,27133396,194730940
2026-02-21T06:23:52.621454Z,10.7,76.5,111.15,27138012,194799210
2026-02-21T06:23:57.635767Z,27.1,76.3,193.13,27138520,194799855
2026-02-21T06:24:02.651555Z,25.5,76.3,185.13,27139216,194800305
2026-02-21T06:24:07.692675Z,13.2,76.3,123.63,27139379,194800630
2026-02-21T06:24:12.719543Z,73.9,78.0,427.3,27139701,194801103
2026-02-21T06:24:17.755854Z,13.4,77.9,124.79,27140174,194801603
2026-02-21T06:24:22.775010Z,17.8,75.8,146.58,27140561,194802230
2026-02-21T06:24:27.830909Z,17.3,76.0,144.1,27140670,194802517
2026-02-21T06:24:32.870112Z,10.7,75.9,111.09,27161267,194818013
2026-02-21T06:24:37.890074Z,15.5,76.0,135.1,27161555,194818492
2026-02-21T06:24:42.930848Z,8.9,76.0,102.1,27161652,194818767
2026-02-21T06:24:47.961516Z,16.5,76.1,140.11,27162054,194819059
2026-02-21T06:24:53.000595Z,15.4,75.6,134.56,27162489,194819420
2026-02-21T06:24:58.035862Z,13.5,75.8,125.08,27165418,194821063
2026-02-21T06:25:03.059151Z,11.7,76.0,116.1,27176131,194832664
2026-02-21T06:25:08.077634Z,12.5,76.1,120.11,27176282,194832826
2026-02-21T06:25:13.113066Z,14.7,76.4,131.14,27179781,194839151
2026-02-21T06:25:18.150776Z,15.8,78.2,136.82,27194620,194847022
2026-02-21T06:25:23.197653Z,15.3,78.4,134.34,27201846,194849061
2026-02-21T06:25:28.241843Z,13.3,78.5,124.35,27214952,194861183
2026-02-21T06:25:33.284093Z,13.8,78.8,126.88,27215636,194861850
2026-02-21T06:25:38.328620Z,13.0,79.0,122.9,27215849,194862009
2026-02-21T06:25:43.377347Z,11.5,79.0,115.4,27216382,194876243
2026-02-21T06:25:48.413039Z,12.4,79.0,119.9,27216987,194876773
2026-02-21T06:25:53.460936Z,16.5,79.0,140.4,27217278,194877174
2026-02-21T06:25:58.505043Z,12.7,78.8,121.38,27217442,194877402
2026-02-21T06:26:03.560087Z,32.0,79.5,217.95,27217646,194878143
2026-02-21T06:26:08.603148Z,19.9,79.3,157.43,27217756,194878275
2026-02-21T06:26:13.641370Z,17.7,79.3,146.43,27218078,194878652
2026-02-21T06:26:18.660053Z,16.5,79.3,140.43,27221222,194886639
2026-02-21T06:26:23.684518Z,15.8,79.3,136.93,27225622,194894107
2026-02-21T06:26:28.723525Z,14.3,79.6,129.46,27331361,194924979
2026-02-21T06:26:33.768813Z,12.6,79.5,120.95,27524697,194930582
2026-02-21T06:26:38.789579Z,12.2,79.6,118.96,27524752,194930648
2026-02-21T06:26:43.811632Z,17.6,79.9,145.99,27538696,195090207
2026-02-21T06:26:48.852911Z,13.8,82.5,127.25,27574991,195379163
2026-02-21T06:26:53.898098Z,14.1,82.9,128.79,27585953,195397535
2026-02-21T06:26:58.926884Z,12.2,82.3,119.23,27590942,195499034
2026-02-21T06:27:03.945835Z,15.3,82.5,134.75,27598388,195602628
2026-02-21T06:27:08.991230Z,13.6,82.6,126.26,27598443,195602694
2026-02-21T06:27:14.031732Z,14.7,83.4,131.84,27610717,195622465
2026-02-21T06:27:19.050947Z,13.8,83.4,127.34,27637919,195685947
2026-02-21T06:27:24.092615Z,13.0,83.5,123.35,27640838,195688798
2026-02-21T06:27:29.135107Z,11.8,83.5,117.35,27641159,195689052
2026-02-21T06:27:34.178055Z,12.5,83.5,120.85,27641524,195690921
2026-02-21T06:27:39.235856Z,18.5,83.5,150.85,27642177,195691412
2026-02-21T06:27:44.279060Z,18.3,83.7,149.87,27642832,195693235
2026-02-21T06:27:49.322125Z,14.4,83.7,130.37,27643347,195693581
2026-02-21T06:27:54.366954Z,16.1,83.7,138.87,27650296,195708425
2026-02-21T06:27:59.402780Z,10.7,83.7,111.87,27661827,195723490
2026-02-21T06:28:04.444348Z,14.0,83.8,128.38,27662578,195725460
2026-02-21T06:28:09.486789Z,16.1,83.8,138.88,27662974,195725826
2026-02-21T06:28:14.534327Z,11.6,83.8,116.38,27663680,195736578
2026-02-21T06:28:19.582945Z,15.5,83.8,135.88,27670386,195738507
2026-02-21T06:28:24.629592Z,13.8,83.7,127.37,27670861,195738998
2026-02-21T06:28:29.674072Z,13.3,84.1,124.91,27671094,195739244
2026-02-21T06:28:34.718980Z,13.8,84.0,127.4,27672393,195740293
2026-02-21T06:28:39.768015Z,11.7,84.0,116.9,27681571,195747535
2026-02-21T06:28:44.812970Z,14.9,84.0,132.9,27682287,195748362
2026-02-21T06:28:49.857906Z,16.1,84.0,138.9,27682721,195748786
2026-02-21T06:28:54.897714Z,11.9,84.0,117.9,27687623,195817393
2026-02-21T06:28:59.917660Z,13.3,84.0,124.9,27693813,195824410
2026-02-21T06:29:04.940086Z,14.8,84.0,132.4,27694020,195824871
2026-02-21T06:29:09.968002Z,15.3,83.9,134.89,27694322,195825179
2026-02-21T06:29:14.987411Z,42.2,85.3,269.53,27700558,195830801
2026-02-21T06:29:20.020168Z,22.9,85.5,173.05,27724333,195857048
2026-02-21T06:29:25.063821Z,9.3,85.5,105.05,27737241,195877352
2026-02-21T06:29:30.079692Z,8.7,85.5,102.05,27753286,195891011
2026-02-21T06:29:35.120608Z,6.5,85.5,91.05,27763863,195901665
2026-02-21T06:29:40.156663Z,5.3,83.5,84.85,27776452,195923313
2026-02-21T06:29:45.170703Z,15.8,83.6,137.36,27784702,195931853
2026-02-21T06:29:50.180929Z,15.5,83.9,135.89,27786135,195932800
2026-02-21T06:29:55.191327Z,15.4,83.7,135.37,27787954,195934641
2026-02-21T06:30:00.201756Z,16.7,83.9,141.89,27804553,195943071
2026-02-21T06:30:05.211392Z,14.5,84.1,130.91,27923574,195963989
2026-02-21T06:30:10.270772Z,8.0,84.2,98.42,27923788,195964149
2026-02-21T06:30:15.310486Z,10.8,84.2,112.42,27924189,195967463
2026-02-21T06:30:20.353127Z,8.5,83.5,100.85,27924512,195967739
2026-02-21T06:30:25.405870Z,5.4,83.5,85.35,27925167,195968451
2026-02-21T06:30:30.450436Z,8.6,83.6,101.36,27929311,195972384
2026-02-21T06:30:35.492336Z,9.9,83.5,107.85,27929463,195972725
2026-02-21T06:30:40.536037Z,10.1,84.0,108.9,27938510,195997969
2026-02-21T06:30:45.593607Z,8.1,84.0,98.9,27946576,196012674
2026-02-21T06:30:50.639896Z,8.9,84.0,102.9,27947137,196013060
2026-02-21T06:30:55.682924Z,5.8,84.0,87.4,27947370,196013306
2026-02-21T06:31:00.714986Z,12.4,84.1,120.41,27947794,196013628
2026-02-21T06:31:05.758958Z,8.3,84.1,99.91,27947903,196013820
2026-02-21T06:31:10.778961Z,15.0,84.2,133.42,27948296,196014020
2026-02-21T06:31:15.817336Z,9.4,84.2,105.42,27949484,196014623
2026-02-21T06:31:20.862287Z,7.9,84.2,97.92,27950021,196015063
2026-02-21T06:31:25.903749Z,7.4,84.1,95.41,27957351,196027425
2026-02-21T06:31:30.950237Z,8.2,84.2,99.42,27958012,196028144
2026-02-21T06:31:35.972687Z,6.1,84.0,88.9,27958485,196028504
2026-02-21T06:31:41.012493Z,7.0,84.0,93.4,27958974,196029006
2026-02-21T06:31:46.056433Z,7.3,84.5,94.95,27959084,196029138
2026-02-21T06:31:51.099806Z,8.9,84.4,102.94,27965981,196042232
2026-02-21T06:31:56.143192Z,7.0,84.4,93.44,27966094,196042232
2026-02-21T06:32:01.184377Z,7.0,83.6,93.36,27966330,196042552
2026-02-21T06:32:06.225767Z,6.8,83.6,92.36,27966482,196042726
2026-02-21T06:32:11.267330Z,6.4,83.6,90.36,27967148,196043384
2026-02-21T06:32:16.312644Z,6.4,83.6,90.36,27977543,196052262
2026-02-21T06:32:21.349988Z,9.4,83.6,105.36,27978159,196052714
2026-02-21T06:32:26.393256Z,5.5,83.9,85.89,27978493,196053095
2026-02-21T06:32:31.434380Z,7.9,82.7,97.77,27979377,196053941
2026-02-21T06:32:36.475988Z,7.2,82.8,94.28,27979377,196053941
2026-02-21T06:32:41.524300Z,6.6,82.8,91.28,27979432,196057166
2026-02-21T06:32:46.559173Z,9.1,82.6,103.76,27979596,196063329
2026-02-21T06:32:51.599514Z,3.8,82.6,77.26,27980183,196063875
2026-02-21T06:32:56.637515Z,7.9,82.6,97.76,27980416,196064121
2026-02-21T06:33:01.685512Z,7.2,79.7,93.97,27980630,196064281
2026-02-21T06:33:06.729702Z,7.6,79.7,95.97,27980630,196064281
2026-02-21T06:33:11.780799Z,9.3,79.7,104.47,27981786,196074815
2026-02-21T06:33:16.821841Z,9.4,79.9,104.99,27982540,196075169
2026-02-21T06:33:21.862563Z,9.7,79.9,106.49,27982762,196075343
2026-02-21T06:33:26.909011Z,11.9,80.0,117.5,27982762,196075343
2026-02-21T06:33:31.951201Z,7.5,80.1,95.51,27983086,196075635
2026-02-21T06:33:36.992397Z,10.2,80.1,109.01,27983238,196075809
2026-02-21T06:33:42.033210Z,7.8,80.1,97.01,27983507,196076035
2026-02-21T06:33:47.075466Z,10.1,80.3,108.53,27992943,196083889
2026-02-21T06:33:52.117168Z,5.5,80.4,85.54,27997010,196159793
2026-02-21T06:33:57.131321Z,16.4,80.8,140.08,28012410,196183600
2026-02-21T06:34:02.171865Z,5.8,81.0,87.1,28012972,196184132
2026-02-21T06:34:07.216105Z,3.9,81.0,77.6,28020412,196191534
2026-02-21T06:34:12.242993Z,91.3,83.3,514.83,28020793,196192302
2026-02-21T06:34:17.283976Z,8.5,83.1,100.81,28021271,196192753
2026-02-21T06:34:22.331594Z,5.1,80.8,83.58,28021803,196193275
2026-02-21T06:34:27.372539Z,10.3,81.2,109.62,28025022,196202496
2026-02-21T06:34:32.414650Z,10.1,81.1,108.61,28043939,196217894
2026-02-21T06:34:37.455829Z,7.0,81.6,93.16,28044526,196219443
2026-02-21T06:34:42.497733Z,7.4,81.6,95.16,28048998,196230504
2026-02-21T06:34:47.543650Z,8.2,81.6,99.16,28049232,196230690
2026-02-21T06:34:52.586433Z,5.3,80.6,84.56,28049554,196231030
2026-02-21T06:34:57.610266Z,8.9,80.6,102.56,28063759,196241055
2026-02-21T06:35:02.649147Z,7.8,80.7,97.07,28064184,196241734
2026-02-21T06:35:07.690904Z,7.1,80.7,93.57,28064530,196242034
2026-02-21T06:35:12.734424Z,7.2,80.7,94.07,28065221,196242100
2026-02-21T06:35:17.793623Z,4.2,80.8,79.08,28065433,196242100
2026-02-21T06:35:22.834574Z,8.4,80.8,100.08,28065596,196242445
2026-02-21T06:35:27.876730Z,7.5,80.8,95.58,28066424,196243253
2026-02-21T06:35:32.917315Z,4.7,80.8,81.58,28066861,196243599
2026-02-21T06:35:37.959350Z,7.2,80.8,94.08,28067020,196253735
2026-02-21T06:35:43.006086Z,6.4,80.8,90.08,28067185,196253933
2026-02-21T06:35:48.038464Z,6.5,80.8,90.58,28067417,196254041
2026-02-21T06:35:53.078490Z,4.5,80.8,80.58,28067788,196254441
2026-02-21T06:35:58.100248Z,7.0,80.8,93.08,28068061,196254595
2026-02-21T06:36:03.139056Z,5.7,80.8,86.58,28068229,196254715
2026-02-21T06:36:08.157172Z,7.2,80.8,94.08,28068407,196254895
2026-02-21T06:36:13.200812Z,7.2,81.0,94.1,28069078,196255413
2026-02-21T06:36:18.248346Z,6.3,80.9,89.59,28070466,196255735
2026-02-21T06:36:23.293022Z,7.9,81.0,97.6,28070466,196255735
2026-02-21T06:36:28.309433Z,6.2,81.4,89.14,28070744,196255987
2026-02-21T07:38:14.331437Z,91.4,92.2,516.22,28311583,199402404
2026-02-21T07:38:19.443778Z,21.0,89.6,163.96,28653088,199785376
2026-02-21T07:38:24.457692Z,25.6,89.8,186.98,28766294,199932384
2026-02-21T07:38:29.469669Z,39.1,83.7,253.87,28841810,200023700
2026-02-21T07:38:34.479582Z,8.1,81.5,98.65,28866389,200124871
2026-02-21T07:38:39.490660Z,10.3,81.2,109.62,28866721,200125165
2026-02-21T07:38:44.501668Z,6.1,81.0,88.6,28874786,200133881
2026-02-21T07:38:49.512311Z,3.6,80.5,76.05,28899943,200170749
2026-02-21T07:38:54.526416Z,15.4,80.6,135.06,28932149,200195583
2026-02-21T07:38:59.538939Z,3.1,80.8,73.58,28938679,200209190
2026-02-21T07:39:04.548732Z,3.3,81.0,74.6,28944272,200210439
2026-02-21T07:39:09.560987Z,26.4,87.8,190.78,29518006,200485768
2026-02-21T07:39:14.574982Z,24.2,85.4,179.54,29587124,200588717
2026-02-21T07:39:19.585759Z,9.3,83.3,104.83,29626756,200620032
2026-02-21T07:39:24.598888Z,12.3,83.7,119.87,29650776,200643429
2026-02-21T07:39:29.613315Z,5.2,85.3,84.53,29691875,200730103
2026-02-21T07:39:34.626693Z,45.0,87.7,283.77,29884471,202240381
2026-02-21T07:39:39.639014Z,17.8,84.5,147.45,30386547,204505441
2026-02-21T07:39:44.659526Z,16.3,84.5,139.95,30521716,204926076
2026-02-21T07:39:49.710993Z,52.2,86.4,319.64,30799417,208293527
2026-02-21T07:39:54.750996Z,20.1,85.8,159.08,30852080,208364406
2026-02-21T07:39:59.791089Z,26.1,85.6,189.06,30874057,208378960
2026-02-21T07:40:04.817921Z,9.1,84.2,103.92,30874988,208379919
2026-02-21T07:40:09.835701Z,12.7,84.1,121.91,30904028,208398291
2026-02-21T07:40:14.874860Z,10.0,83.8,108.38,30904727,208398573
2026-02-21T07:40:19.912530Z,13.3,83.8,124.88,30905950,208399154
2026-02-21T07:40:24.936824Z,16.1,83.7,138.87,30913366,208402882
2026-02-21T07:40:29.963310Z,12.5,83.6,120.86,30913633,208403160
2026-02-21T07:40:35.000002Z,13.1,83.4,123.84,30952660,208443436
2026-02-21T07:40:40.022586Z,8.7,83.4,101.84,30953276,208443832
2026-02-21T07:40:45.061912Z,13.3,83.5,124.85,30969369,208456999
2026-02-21T07:40:50.099844Z,15.6,83.2,136.32,30969697,208458046
2026-02-21T07:40:55.153507Z,6.4,83.5,90.35,30969807,208458345
2026-02-21T07:41:00.177520Z,13.3,83.2,124.82,30970107,208458571
2026-02-21T07:41:05.192959Z,40.0,86.9,258.69,30982626,208472207
2026-02-21T07:41:10.229492Z,19.7,90.8,157.58,30998358,208752808
2026-02-21T07:41:15.257193Z,28.7,91.4,202.64,31035281,208851000
2026-02-21T07:41:20.281974Z,6.4,91.5,91.15,31053235,208877727
2026-02-21T07:41:25.306953Z,33.5,92.8,226.78,31124693,208990613
2026-02-21T07:41:30.327766Z,49.4,91.5,306.15,31197953,209092239
2026-02-21T07:41:35.360862Z,15.1,87.7,134.27,31198228,209092533
2026-02-21T07:41:40.393779Z,17.7,87.7,147.27,31198619,209092800
2026-02-21T07:41:45.434685Z,17.2,85.9,144.59,31209431,209101183
2026-02-21T07:41:50.486205Z,12.5,86.0,121.1,31222957,209116201
2026-02-21T07:41:55.513937Z,53.0,89.3,323.93,31280990,209158179
2026-02-21T07:42:00.553744Z,13.7,89.4,127.44,31290693,209173308
2026-02-21T07:42:05.586906Z,56.0,88.8,338.88,31347188,209553659
2026-02-21T07:42:10.607658Z,65.3,90.1,385.51,31604138,213607884
2026-02-21T07:42:15.653059Z,40.9,91.1,263.61,31804689,214463943
2026-02-21T07:42:20.684872Z,17.9,91.7,148.67,31834974,214599976
2026-02-21T07:42:25.721741Z,14.7,92.4,132.74,31877025,214650767
2026-02-21T07:42:30.753688Z,24.2,92.3,180.23,31882060,214655000
2026-02-21T07:42:35.784593Z,23.3,91.6,175.66,31888640,214684260
2026-02-21T07:42:40.825237Z,14.6,90.6,132.06,31889444,214685095
2026-02-21T07:42:45.874352Z,10.1,90.0,109.5,31894241,214687661
2026-02-21T07:42:50.893129Z,26.9,91.0,193.6,31946298,214782421
2026-02-21T07:42:55.937322Z,13.0,91.2,124.12,31954655,214796982
2026-02-21T07:43:00.960715Z,19.8,91.1,158.11,31967730,214803903
2026-02-21T07:43:05.988245Z,22.4,91.0,171.1,32193321,214827277
2026-02-21T07:43:11.002302Z,16.4,91.8,141.18,32208298,214910958
2026-02-21T07:43:16.082461Z,84.0,92.9,479.29,32417597,216273185
2026-02-21T07:43:21.138132Z,37.6,93.8,247.38,32677482,236830769
2026-02-21T07:43:26.175318Z,60.0,93.4,359.34,32744394,236890810
2026-02-21T07:43:31.222273Z,41.0,84.6,263.46,32753123,237025984
2026-02-21T07:43:36.243292Z,23.0,84.7,173.47,32764182,237036594
2026-02-21T07:43:41.287578Z,27.8,76.7,196.67,32770775,237046142
2026-02-21T07:43:46.324393Z,10.3,77.7,109.27,32783897,237059704
2026-02-21T07:43:51.347743Z,15.9,77.7,137.27,32785179,237061261
2026-02-21T07:43:56.377891Z,7.8,77.4,96.74,32798989,237076689
2026-02-21T07:44:01.408552Z,5.3,77.3,84.23,32799043,237076749
2026-02-21T07:44:06.433792Z,8.9,77.3,102.23,32828939,237087760
2026-02-21T07:44:11.472170Z,21.8,79.5,166.95,32843503,237121854
2026-02-21T07:44:16.508381Z,10.1,78.8,108.38,32866230,237126574
2026-02-21T07:44:21.548021Z,11.3,79.0,114.4,32881837,237140512
2026-02-21T07:44:26.573796Z,4.7,78.9,81.39,32882820,237142256
2026-02-21T07:44:31.599466Z,6.2,78.9,88.89,32883470,237143069
2026-02-21T07:44:36.637563Z,9.1,78.8,103.38,32902010,237158051
2026-02-21T07:44:41.676503Z,9.5,78.7,105.37,32902651,237158949
2026-02-21T07:44:46.715076Z,11.0,78.8,112.88,32927288,237188886
2026-02-21T07:44:51.739199Z,12.2,78.8,118.88,32938695,237196866
2026-02-21T07:44:56.767228Z,7.5,78.7,95.37,32939621,237197818
2026-02-21T07:45:01.795464Z,6.2,78.6,88.86,32939948,237198991
2026-02-21T07:45:06.833120Z,8.7,78.6,101.36,32940744,237199931
2026-02-21T07:45:11.855545Z,10.1,77.1,108.21,32941731,237201100
2026-02-21T07:45:16.878015Z,5.8,76.7,86.67,32945846,237202140
2026-02-21T07:45:21.904814Z,15.5,76.6,135.16,32946365,237202659
2026-02-21T07:45:26.943268Z,8.4,76.6,99.66,32946546,237202858
2026-02-21T07:45:31.979678Z,6.0,76.6,87.66,32947241,237211300
2026-02-21T07:45:37.017646Z,8.8,76.6,101.66,32947567,237211569
2026-02-21T07:45:42.043367Z,7.8,76.7,96.67,32948609,237212722
2026-02-21T07:45:47.081989Z,6.1,76.7,88.17,32949394,237213898
2026-02-21T07:45:52.120544Z,12.4,76.7,119.67,32949757,237214297
2026-02-21T07:45:57.159884Z,16.8,76.8,141.68,32950311,237214884
2026-02-21T07:46:02.190226Z,7.9,76.8,97.18,32950473,237215058
2026-02-21T07:46:07.228228Z,9.9,76.8,107.18,32951631,237216258
2026-02-21T07:46:12.252924Z,7.1,76.8,93.18,32958958,237222049
2026-02-21T07:46:17.279735Z,8.4,76.9,99.69,32967134,237232329
2026-02-21T07:46:22.318605Z,10.4,77.0,109.7,32975410,237240836
2026-02-21T07:46:27.358613Z,6.6,77.0,90.7,32975822,237241215
2026-02-21T07:46:32.382065Z,6.1,77.0,88.2,32976626,237245108
2026-02-21T07:46:37.404926Z,30.5,77.6,210.26,32983533,237253386
2026-02-21T07:46:42.438804Z,8.9,78.6,102.36,32995335,237270828
2026-02-21T07:46:47.484128Z,17.5,79.0,145.4,32996555,237272786
2026-02-21T07:46:52.511853Z,14.4,78.8,129.88,32997014,237273385
2026-02-21T07:46:57.551701Z,6.6,78.6,90.86,32998013,237274155
2026-02-21T07:47:02.576987Z,7.4,78.6,94.86,32998177,237274514
2026-02-21T07:47:07.603451Z,6.4,78.7,89.87,32998274,237274622
2026-02-21T07:47:12.631061Z,7.0,78.3,92.83,33002539,237287037
2026-02-21T07:47:17.656547Z,19.8,78.3,156.83,33031223,237310037
2026-02-21T07:47:22.684955Z,11.3,77.4,114.24,33051287,237320331
2026-02-21T07:47:27.722090Z,30.5,77.4,210.24,33051562,237320523
2026-02-21T07:47:32.748367Z,8.6,77.0,100.7,33052328,237321142
2026-02-21T07:47:37.789435Z,7.1,74.5,92.95,33060963,237330321
2026-02-21T07:47:42.812831Z,4.1,74.3,77.93,33061183,237330549
2026-02-21T07:47:47.855508Z,7.2,74.3,93.43,33061400,237330735
2026-02-21T07:47:52.894966Z,12.2,74.5,118.45,33068806,237337868
2026-02-21T07:47:57.920208Z,3.9,74.5,76.95,33068990,237338114
2026-02-21T07:48:02.962135Z,6.6,74.4,90.44,33069336,237348721
2026-02-21T07:48:07.989693Z,5.7,73.8,85.88,33069711,237349200
2026-02-21T07:48:13.019323Z,6.5,74.8,89.98,33083174,237425114
2026-02-21T07:48:18.054128Z,7.9,74.7,96.97,33095448,237442555
2026-02-21T07:48:23.093538Z,16.3,74.9,138.99,33095957,237442655
2026-02-21T07:48:28.133702Z,4.3,74.9,78.99,33097014,237443675
2026-02-21T07:48:33.156715Z,7.6,74.9,95.49,33097641,237445606
2026-02-21T07:48:38.184360Z,14.5,76.5,130.15,33132239,237490566
2026-02-21T07:48:43.223939Z,4.7,76.1,81.11,33132713,237492446
2026-02-21T07:48:48.257759Z,7.4,76.2,94.62,33133550,237494023
2026-02-21T07:48:53.299812Z,10.3,76.0,109.1,33133912,237494270
2026-02-21T07:48:58.335962Z,8.9,76.1,102.11,33154715,237508756
2026-02-21T07:49:03.371804Z,5.7,76.1,86.11,33155158,237509090
2026-02-21T07:49:08.387837Z,4.4,76.9,79.69,33168598,237520603
2026-02-21T07:49:13.409976Z,4.1,77.1,78.21,33184976,237544022
2026-02-21T07:49:18.456029Z,31.2,77.4,213.74,33194408,237549348
2026-02-21T07:49:23.496800Z,12.0,78.6,117.86,33319411,238878487
2026-02-21T07:49:28.536959Z,5.9,78.4,87.34,33363665,238905413
2026-02-21T07:49:33.567743Z,24.6,78.6,180.86,33366569,238908336
2026-02-21T07:49:38.591227Z,29.1,79.6,203.46,33416606,239105148
2026-02-21T07:49:43.642163Z,22.0,80.2,168.02,33431363,239115362
2026-02-21T07:49:48.680589Z,17.7,80.9,146.59,33478171,239348631
2026-02-21T07:49:53.709446Z,23.0,81.1,173.11,33560871,239399286
2026-02-21T07:49:58.733644Z,21.0,83.1,163.31,34066534,239573751
2026-02-21T07:50:03.785744Z,27.9,82.9,197.79,34066767,239574003
2026-02-21T07:50:08.821932Z,23.7,82.1,176.71,34103698,239593365
2026-02-21T07:50:13.850546Z,41.2,83.8,264.38,34222114,240488952
2026-02-21T07:50:18.905199Z,18.7,82.2,151.72,34233926,240501388
2026-02-21T07:50:23.950672Z,38.7,80.5,251.55,34243718,240687081
2026-02-21T07:50:29.005034Z,16.0,81.0,138.1,34243951,240697375
2026-02-21T07:50:34.041654Z,14.9,81.0,132.6,34253204,240710775
2026-02-21T07:50:39.066450Z,12.2,81.7,119.17,34253458,240710975
2026-02-21T07:50:44.090543Z,26.1,81.8,188.68,34264729,240725790
2026-02-21T07:50:49.113498Z,14.3,81.7,129.67,34276999,240740668
2026-02-21T07:50:54.150273Z,16.1,81.1,138.61,34277263,240741437
2026-02-21T07:50:59.175376Z,9.4,81.3,105.13,34277879,240742075
2026-02-21T07:51:04.203732Z,17.6,81.2,146.12,34278196,240742447
2026-02-21T07:51:09.257163Z,39.8,81.9,257.19,34278650,240742974
2026-02-21T07:51:14.304676Z,33.3,84.0,224.9,34312413,240818138
2026-02-21T07:51:19.347808Z,38.5,84.3,250.93,34331321,240863548
2026-02-21T07:51:24.398992Z,34.7,83.9,231.89,34331499,240863788
2026-02-21T07:51:29.440282Z,15.8,83.4,137.34,34340399,240871295
2026-02-21T07:51:34.463846Z,15.6,83.1,136.31,34340617,240871487
2026-02-21T07:51:39.504585Z,18.1,83.3,148.83,34340884,240871706
2026-02-21T07:51:44.541299Z,12.8,83.2,122.32,34341010,240871839
2026-02-21T07:51:49.579788Z,19.3,83.2,154.82,34349829,240878802
2026-02-21T07:51:54.635397Z,39.2,83.2,254.32,34350119,240878970
2026-02-21T07:51:59.681446Z,22.2,83.2,169.32,34350332,240879129
2026-02-21T07:52:04.711127Z,22.3,83.2,169.82,34351228,240879719
2026-02-21T07:52:09.753076Z,14.3,83.5,129.85,34352130,240885782
2026-02-21T07:52:14.865588Z,85.4,89.1,485.91,34404194,240985251
2026-02-21T07:52:19.886827Z,36.4,82.4,240.24,34482929,244202702
2026-02-21T07:52:24.906487Z,40.4,86.3,260.63,34562534,247127741
2026-02-21T07:52:29.943970Z,39.3,87.0,255.2,34600315,248316105
2026-02-21T07:52:34.977277Z,37.6,87.6,246.76,34740612,250669713
2026-02-21T07:52:40.021415Z,29.3,87.4,205.24,34833028,252339974
2026-02-21T07:52:45.096908Z,46.1,87.7,289.27,35116954,258062103
2026-02-21T07:52:50.173358Z,45.8,88.1,287.81,35129092,258326751
2026-02-21T07:52:55.247502Z,50.5,87.2,311.22,35360625,263144413
2026-02-21T07:53:00.281116Z,57.9,86.9,348.19,35599059,267588341
2026-02-21T07:53:05.341650Z,38.7,86.6,252.16,35717461,269753470
2026-02-21T07:53:10.405089Z,53.0,86.8,323.68,35907194,273365558
2026-02-21T07:53:15.454173Z,30.5,86.8,211.18,35923750,273449429
2026-02-21T07:53:20.509985Z,45.4,86.4,285.64,36093305,276279261
2026-02-21T07:53:25.555409Z,39.9,86.0,258.1,36204099,278030390
2026-02-21T07:53:30.616501Z,42.9,86.1,273.11,36215363,278054116
2026-02-21T07:53:35.677960Z,35.3,86.3,235.13,36352093,283204668
2026-02-21T07:53:40.737256Z,48.0,86.4,298.64,36544364,298260320
2026-02-21T07:53:45.789654Z,42.5,86.1,271.11,36561876,298952330
2026-02-21T07:53:50.845840Z,43.0,86.0,273.6,36682187,301241585
2026-02-21T07:53:55.902750Z,34.2,86.0,229.6,36786326,302568755
2026-02-21T07:54:00.979302Z,37.4,86.1,245.61,36852645,303883205
2026-02-21T07:54:06.046484Z,37.4,86.1,245.61,36983319,306191807
2026-02-21T07:54:11.108391Z,42.5,86.2,271.12,36989944,306191975
2026-02-21T07:54:16.151212Z,39.2,85.8,254.58,37093260,308224678
2026-02-21T07:54:21.210708Z,39.6,85.8,256.58,37094147,308225234
2026-02-21T07:54:26.249212Z,25.3,85.9,185.09,37270320,311706527
2026-02-21T07:54:31.294705Z,41.6,85.8,266.58,37270446,311706662
2026-02-21T07:54:36.366950Z,43.4,86.3,275.63,37279219,311711366
2026-02-21T07:54:41.403285Z,43.2,86.1,274.61,37283152,311712564
2026-02-21T07:54:46.465049Z,40.6,86.1,261.61,37287879,311717991
2026-02-21T07:54:51.519878Z,42.6,86.1,271.61,37297358,311729593
2026-02-21T07:54:56.562182Z,34.2,85.9,229.59,37311645,311737743
2026-02-21T07:55:01.635445Z,38.5,85.8,251.08,37311916,311738137
2026-02-21T07:55:06.696241Z,33.5,85.8,226.08,37312668,311738753
2026-02-21T07:55:11.766084Z,37.6,85.6,246.56,37321649,311743712
2026-02-21T07:55:16.828365Z,38.7,85.6,252.06,37453318,314312457
2026-02-21T07:55:21.882564Z,37.1,85.5,244.05,37567282,316546218
2026-02-21T07:55:26.966972Z,38.2,85.6,249.56,37567461,316555408
2026-02-21T07:55:32.024837Z,37.4,85.6,245.56,37691409,318740920
2026-02-21T07:55:37.088856Z,33.6,85.6,226.56,37778595,320410796
2026-02-21T07:55:42.151466Z,44.8,85.8,282.58,37892227,322581948
2026-02-21T07:55:47.203543Z,44.9,86.2,283.12,37980482,324389006
2026-02-21T07:55:52.240189Z,46.5,86.2,291.12,37997361,324402713
2026-02-21T07:55:57.299024Z,44.5,86.2,281.12,38179449,327975538
2026-02-21T07:56:02.356570Z,39.3,86.2,255.12,38221170,328820066
2026-02-21T07:56:07.399646Z,34.5,85.6,231.06,38221278,328820126
2026-02-21T07:56:12.464318Z,40.8,85.7,262.57,38369144,331740797
2026-02-21T07:56:17.553612Z,38.7,85.7,252.07,38376054,331749796
2026-02-21T07:56:22.607174Z,39.9,85.7,258.07,38376397,331756486
2026-02-21T07:56:27.657396Z,37.5,85.1,246.01,38384740,331757897
2026-02-21T07:56:32.713654Z,40.1,85.1,259.01,38607879,336075660
2026-02-21T07:56:37.771376Z,34.7,85.2,232.02,38608405,336076280
2026-02-21T07:56:42.841085Z,41.2,84.9,264.49,38609264,336076712
2026-02-21T07:56:47.870443Z,38.0,87.6,248.76,38632690,336107001
2026-02-21T07:56:52.893519Z,63.5,86.1,376.11,38856101,340507610
2026-02-21T07:56:57.924699Z,41.3,86.8,265.18,38875485,340516645
2026-02-21T07:57:02.957112Z,31.9,86.7,218.17,38875962,340517250
2026-02-21T07:57:07.993851Z,40.2,86.8,259.68,38881723,340519273
2026-02-21T07:57:13.053432Z,45.6,86.5,286.65,38890861,340525666
2026-02-21T07:57:18.119076Z,40.8,86.5,262.65,39105586,344743544
2026-02-21T07:57:23.145783Z,52.9,86.1,323.11,39110973,344746998
2026-02-21T07:57:28.192221Z,63.6,86.3,376.63,39111538,344748544
2026-02-21T07:57:33.225707Z,75.0,84.5,433.45,39115165,344749193
2026-02-21T07:57:38.266372Z,75.0,83.2,433.32,39121980,344752113
2026-02-21T07:57:43.431975Z,42.4,83.4,270.34,39122377,344752757
2026-02-21T07:57:48.519398Z,37.7,83.4,246.84,39122639,344753063
2026-02-21T07:57:53.571363Z,40.8,83.2,262.32,39127484,344756802
2026-02-21T07:57:58.595749Z,51.5,83.7,315.87,39130133,344770167
2026-02-21T07:58:03.661170Z,49.5,83.1,305.81,39132328,344781375
2026-02-21T07:58:08.715548Z,37.3,83.3,244.83,39134148,344783665
2026-02-21T07:58:13.773769Z,41.5,83.5,265.85,39240193,346721638
2026-02-21T07:58:18.829892Z,36.0,83.6,238.36,39292665,347754858
2026-02-21T07:58:23.889685Z,30.8,83.8,212.38,39296273,347755509
2026-02-21T07:58:28.916914Z,28.6,84.0,201.4,39296383,347755641
2026-02-21T07:58:33.975115Z,44.8,84.0,282.4,39396645,349228593
2026-02-21T07:58:39.028738Z,36.4,83.9,240.39,39457882,350383518
2026-02-21T07:58:44.074455Z,45.3,78.6,284.36,39521638,351491649
2026-02-21T07:58:49.154193Z,33.7,78.6,226.36,39570420,352491595
2026-02-21T07:58:54.193077Z,44.1,79.1,278.41,39573968,352492296
2026-02-21T07:58:59.247837Z,27.3,79.0,194.4,39574820,352493065
2026-02-21T07:59:04.331205Z,41.4,78.9,264.89,39574862,352493107
2026-02-21T07:59:09.385094Z,39.3,78.9,254.39,39575313,352493541
2026-02-21T07:59:14.450177Z,41.7,79.1,266.41,39749751,355835656
2026-02-21T07:59:19.534672Z,38.9,79.1,252.41,39815705,356739039
2026-02-21T07:59:24.588022Z,41.2,79.0,263.9,39951185,359379548
2026-02-21T07:59:29.638940Z,30.5,79.3,210.43,39951893,359382370
2026-02-21T07:59:34.678058Z,50.6,79.3,310.93,40074246,366178795
2026-02-21T07:59:39.752976Z,42.3,79.4,269.44,40079181,368434137
2026-02-21T07:59:44.811596Z,45.4,79.6,284.96,40156620,369885633
2026-02-21T07:59:49.903046Z,30.1,79.2,208.42,40278387,372448186
2026-02-21T07:59:54.965940Z,61.7,79.3,366.43,40314645,372787928
2026-02-21T08:00:00.070578Z,45.8,79.3,286.93,40327543,372797676
2026-02-21T08:00:05.124873Z,37.0,79.3,242.93,40327708,372797874
2026-02-21T08:00:10.173539Z,32.0,79.4,217.94,40328123,372798466
2026-02-21T08:00:15.268286Z,42.5,79.0,270.4,40328806,372798921
2026-02-21T08:00:20.321138Z,31.0,78.9,212.89,40329855,372799565
2026-02-21T08:00:25.389014Z,38.4,79.4,249.94,40331328,372809693
2026-02-21T08:00:30.437024Z,33.4,79.3,224.93,40332410,372810733
2026-02-21T08:00:35.504420Z,40.2,79.3,258.93,40574648,377390195
2026-02-21T08:00:40.532407Z,39.5,79.8,255.48,40620580,378235941
2026-02-21T08:00:45.618470Z,39.6,79.8,255.98,40629549,378237620
2026-02-21T08:00:50.651084Z,26.5,80.9,190.59,40630339,378239843
2026-02-21T08:00:55.707587Z,40.5,81.0,260.6,40630551,378240191
2026-02-21T08:01:00.756745Z,32.3,81.6,219.66,40630660,378240257
2026-02-21T08:01:05.816873Z,36.3,81.4,239.64,40631001,378240569
2026-02-21T08:01:10.886880Z,44.2,82.9,279.29,40631700,378241618
2026-02-21T08:01:15.930534Z,36.4,83.2,240.32,40655054,378353872
2026-02-21T08:01:21.004313Z,37.2,83.6,244.36,40889045,383408135
2026-02-21T08:01:26.032791Z,40.1,83.8,258.88,41018290,385972202
2026-02-21T08:01:31.085019Z,29.5,83.9,205.89,41018618,385972693
2026-02-21T08:01:36.141006Z,34.3,83.9,229.89,41130721,387881013
2026-02-21T08:01:41.184290Z,31.5,83.4,215.84,41220418,389595534
2026-02-21T08:01:46.236790Z,45.8,84.0,287.4,41224157,389599184
2026-02-21T08:01:51.297112Z,29.6,83.7,206.37,41224267,389599316
2026-02-21T08:01:56.365335Z,38.4,83.8,250.38,41243342,389611997
2026-02-21T08:02:01.396249Z,30.4,84.0,210.4,41244265,389613341
2026-02-21T08:02:06.429352Z,39.4,83.8,255.38,41244643,389615573
2026-02-21T08:02:11.480437Z,27.9,83.9,197.89,41244864,389615907
2026-02-21T08:02:16.541913Z,33.9,84.6,227.96,41254812,389625428
2026-02-21T08:02:21.598549Z,32.7,84.7,221.97,41255354,389625788
2026-02-21T08:02:26.656393Z,51.4,84.7,315.47,41409531,392686109
2026-02-21T08:02:31.711555Z,30.7,84.4,211.94,41419743,392690556
2026-02-21T08:02:36.763435Z,44.7,84.7,281.97,41454645,393297327
2026-02-21T08:02:41.821271Z,33.1,84.6,223.96,41559942,395159830
2026-02-21T08:02:46.881563Z,48.8,84.5,302.45,41677898,397007261
2026-02-21T08:02:51.950768Z,41.5,84.3,265.93,41679257,397018000
2026-02-21T08:02:57.025096Z,32.8,84.3,222.43,41679669,397018213
2026-02-21T08:03:02.057143Z,29.7,84.1,206.91,41793923,399282995
2026-02-21T08:03:07.089058Z,44.1,84.1,278.91,41851633,400411460
2026-02-21T08:03:12.142249Z,33.2,84.3,224.43,41865453,400492609
2026-02-21T08:03:17.212633Z,45.3,84.3,284.93,41978488,402558770
2026-02-21T08:03:22.273801Z,36.8,84.2,242.42,42034965,403587141
2026-02-21T08:03:27.363604Z,37.4,84.2,245.42,42098714,404800089
2026-02-21T08:03:32.407504Z,37.6,84.0,246.4,42160442,405994738
2026-02-21T08:03:37.450050Z,9.9,84.3,107.93,42224748,407270956
2026-02-21T08:03:42.588289Z,60.2,83.3,359.33,42305831,408920568
2026-02-21T08:03:47.653033Z,48.6,84.3,301.43,42370397,410153207
2026-02-21T08:03:52.721776Z,34.6,84.6,231.46,42380772,410163007
2026-02-24T08:10:39.457526Z,35.0,87.4,233.74,6401153,12038301
2026-02-24T08:10:44.497055Z,10.7,87.4,112.24,6430786,12054108
2026-02-24T08:10:49.536458Z,6.4,87.4,90.74,6437574,12126413
2026-02-24T08:10:54.572090Z,14.9,86.8,133.18,6441700,12129915
2026-02-24T08:10:59.613963Z,16.7,86.9,142.19,6450270,12156678
2026-02-24T08:11:04.652962Z,6.8,86.6,92.66,6488215,12171819
2026-02-24T08:11:09.708788Z,27.3,86.4,195.14,6528118,12202777
2026-02-24T08:11:14.748380Z,8.8,86.6,102.66,6561435,12208684
2026-02-24T08:11:19.789032Z,5.3,86.6,85.16,6566447,12217205
2026-02-24T08:11:24.822145Z,6.8,86.5,92.65,6568907,12220806
2026-02-24T08:11:29.859565Z,6.8,86.6,92.66,6570151,12222803
2026-02-24T08:11:34.895883Z,4.9,86.6,83.16,6588435,12240997
2026-02-24T08:11:39.983884Z,17.6,86.4,146.64,6596260,12249706
2026-02-24T08:11:45.036570Z,15.8,87.7,137.77,6797307,12821629
2026-02-24T08:11:50.074934Z,7.2,87.7,94.77,6911317,12894802
2026-02-24T08:11:55.111552Z,7.1,87.4,94.24,6922567,12898751
2026-02-24T08:12:00.149034Z,10.0,87.4,108.74,6927748,12907610
2026-02-24T08:12:05.185642Z,6.6,87.4,91.74,6933096,12910531
2026-02-24T08:12:10.235634Z,11.4,87.2,115.72,6950879,12918793
2026-02-24T08:12:15.272931Z,9.9,86.9,108.19,6952593,12928463
2026-02-24T08:12:20.310099Z,4.7,86.9,82.19,7008064,12962101
2026-02-24T08:12:25.347582Z,5.0,86.9,83.69,7023300,12967452
2026-02-24T08:12:30.384049Z,4.3,86.8,80.18,7029420,12972621
2026-02-24T08:12:35.421550Z,4.1,86.8,79.18,7030585,12973912
2026-02-24T08:12:40.467268Z,11.0,86.6,113.66,7035110,12975965
2026-02-24T08:12:45.493981Z,38.7,87.2,252.22,7039394,12978390
2026-02-24T08:12:50.532605Z,5.4,87.3,85.73,7061503,12983206
2026-02-24T08:12:55.570324Z,5.8,86.8,87.68,7107676,13000715
2026-02-24T08:13:00.608234Z,20.9,87.3,163.23,7118690,13002295
2026-02-24T08:13:05.652921Z,21.6,87.4,166.74,7135529,13018708
2026-03-06T09:31:25.160346Z,24.0,85.2,178.52,37522321,279446959
2026-03-06T09:31:30.185975Z,14.9,85.0,133.0,37525815,279447922
2026-03-06T09:31:35.234866Z,23.2,85.2,174.52,37556490,279463676
2026-03-06T09:31:40.268391Z,13.3,85.5,125.05,37569942,279474592
2026-03-06T09:31:45.304146Z,15.6,85.3,136.53,37570346,279474880
2026-03-06T09:31:50.340785Z,9.3,85.5,105.05,37594251,279504301
2026-03-06T09:31:55.387365Z,13.2,85.5,124.55,37594934,279505632
2026-03-06T09:32:00.417538Z,21.3,85.5,165.05,37603059,279518963
2026-03-06T09:32:05.454026Z,14.5,86.0,131.1,37620641,279538285
2026-03-06T09:32:10.480152Z,16.5,87.5,141.25,37623177,279539957
2026-03-06T09:32:15.505457Z,13.8,87.6,127.76,37632991,279547237
2026-03-06T09:32:20.525608Z,3.4,85.7,75.57,37633101,279547939
2026-03-06T09:32:25.548443Z,16.5,86.3,141.13,37649496,279562586
2026-03-06T09:32:30.562632Z,4.1,86.4,79.14,37657670,279572219
2026-03-06T09:32:35.588988Z,16.5,86.3,141.13,37665571,279588222
2026-03-06T09:32:40.608560Z,5.8,86.3,87.63,37667102,279595373
2026-03-06T09:32:45.631018Z,12.8,86.3,122.63,37667502,279595856
2026-03-06T09:32:50.654474Z,15.9,86.3,138.13,37667927,279596187
2026-03-06T09:32:55.672530Z,21.6,88.3,166.83,37668642,279599449
2026-03-06T09:33:00.736908Z,53.6,88.7,326.87,37669193,279600030
2026-03-06T09:33:05.754081Z,19.1,90.0,154.5,37757764,279662893
2026-03-06T09:33:10.787756Z,12.6,89.1,121.91,37758749,279663745
2026-03-06T09:33:15.821638Z,22.4,90.0,171.0,37760385,279666802
2026-03-06T09:33:20.844130Z,24.2,90.7,180.07,37771010,279681539
2026-03-06T09:33:25.881349Z,38.6,87.7,251.77,37776986,279689977
2026-03-06T09:33:30.901200Z,20.2,84.3,159.43,37813829,279747717
2026-03-06T09:33:35.939745Z,18.5,85.2,151.02,37818768,279753621
2026-03-06T09:33:40.971414Z,15.0,85.3,133.53,37839915,279774917
2026-03-06T09:33:46.014046Z,12.7,86.1,122.11,37840274,279775545
2026-03-06T09:33:51.057329Z,30.3,86.6,210.16,37849749,279785586
2026-03-06T09:33:56.097550Z,6.9,85.4,93.04,37850740,279787353
2026-03-06T09:34:01.137019Z,10.8,84.8,112.48,37854653,279789576
2026-03-06T09:34:06.177889Z,26.9,85.5,193.05,37862946,279798699
2026-03-06T09:34:11.206907Z,21.4,85.9,165.59,37867326,279804218
2026-03-06T09:34:16.244015Z,15.3,85.9,135.09,37867732,279805924
2026-03-06T09:34:21.279850Z,16.0,85.6,138.56,37868068,279806985
2026-03-06T09:34:26.319213Z,12.4,85.4,120.54,37869488,279808654
2026-03-06T09:34:31.342421Z,5.4,85.5,85.55,37870596,279810804
2026-03-06T09:34:36.375145Z,12.4,85.8,120.58,37870911,279812375
2026-03-06T09:34:41.404869Z,12.5,85.8,121.08,37884374,279825772
2026-03-06T09:34:46.431262Z,12.1,85.9,119.09,37884658,279825997
2026-03-06T09:34:51.465243Z,37.6,80.2,246.02,37885514,279827061
2026-03-06T09:34:56.501837Z,11.2,80.0,114.0,37886571,279830254
2026-03-06T09:35:01.525025Z,40.4,80.8,260.08,37942753,279850395
2026-03-06T09:35:06.546976Z,11.1,80.7,113.57,37943818,279864093
2026-03-06T09:35:11.589179Z,14.0,80.1,128.01,37949968,279871393
2026-03-06T09:35:16.618846Z,16.1,80.1,138.51,37952057,279873599
2026-03-06T09:35:21.635973Z,23.8,81.2,177.12,37960257,279889871
2026-03-06T09:35:26.667876Z,16.0,81.4,138.14,37974968,279896972
2026-03-06T09:35:31.691288Z,18.1,81.4,148.64,37976490,279901008
2026-03-06T09:35:36.736812Z,36.5,81.8,240.68,37978130,279906960
2026-03-06T09:35:41.777149Z,14.0,82.6,128.26,37994932,279927592
2026-03-06T09:35:46.804534Z,14.0,82.3,128.23,37995611,279930522
2026-03-06T09:35:51.844367Z,14.0,82.1,128.21,38000549,279941485
2026-03-06T09:35:56.875412Z,14.8,81.9,132.19,38035176,279953841
2026-03-06T09:36:01.911944Z,14.5,81.8,130.68,38043992,279971488
2026-03-06T09:36:06.931012Z,9.5,82.1,105.71,38054452,279985497
2026-03-06T09:36:11.972308Z,9.3,81.8,104.68,38078590,280008851
2026-03-06T09:36:17.015503Z,9.2,81.7,104.17,38082966,280011781
2026-03-06T09:36:22.064660Z,16.4,81.6,140.16,38103761,280094878
2026-03-06T09:36:27.103204Z,11.9,81.8,117.68,38110060,280106177
2026-03-06T09:36:32.123494Z,9.3,81.9,104.69,38114801,280108918
2026-03-06T09:36:37.212621Z,17.1,81.9,143.69,38132542,280120923
2026-03-06T09:36:42.232226Z,6.4,82.0,90.2,38139630,280127824
2026-03-06T09:36:47.269728Z,3.9,82.3,77.73,38146220,280129789
2026-03-06T09:36:52.295718Z,6.0,82.3,88.23,38152335,280134186
2026-03-06T09:36:57.333728Z,4.7,82.3,81.73,38152389,280134240
2026-03-06T09:37:02.372849Z,5.4,82.3,85.23,38153127,280136307
2026-03-06T09:37:07.411192Z,5.4,82.4,85.24,38157111,280137501
2026-03-06T09:37:12.426987Z,22.5,83.5,170.85,38170530,280143757
2026-03-06T09:37:17.460154Z,18.7,83.5,151.85,38177001,280153813
2026-03-06T09:37:22.484099Z,34.3,83.9,229.89,38192501,280164488
2026-03-06T09:37:27.520689Z,37.3,84.4,244.94,38245011,280180859
2026-03-06T09:37:32.545287Z,16.1,85.2,139.02,38271975,280214421
2026-03-06T09:37:37.576293Z,13.2,85.0,124.5,38284141,280222162
2026-03-06T09:37:42.598469Z,12.4,85.1,120.51,38295206,280231614
2026-03-06T09:37:47.638776Z,19.8,85.8,157.58,38373961,280259712
2026-03-06T09:37:52.676861Z,13.1,85.4,124.04,38398941,280294240
2026-03-06T09:37:57.714444Z,23.8,85.6,177.56,38401222,280298902
2026-03-06T09:38:02.754660Z,10.8,85.4,112.54,38401917,280301368
2026-03-06T09:38:07.781441Z,18.7,85.6,152.06,38415812,280319123
2026-03-06T09:38:12.804568Z,13.6,85.5,126.55,38419560,280320200
2026-03-06T09:38:17.827216Z,16.0,85.3,138.53,38427522,280331149
2026-03-06T09:38:22.857992Z,46.1,87.1,289.21,38449251,280363140
2026-03-06T09:38:27.882288Z,25.8,88.0,187.8,38459293,280380427
2026-03-06T09:38:32.919981Z,11.7,83.7,116.87,38519167,280412790
2026-03-06T09:38:37.960749Z,16.2,83.5,139.35,38525946,280421990
2026-03-06T09:38:42.988127Z,23.6,83.9,176.39,38530907,280426318
2026-03-06T09:38:47.965128Z,28.3,85.0,200.0,38551112,280435741
2026-03-06T09:38:48.016817Z,30.8,85.0,212.5,38551112,280435741
2026-03-06T09:38:53.009883Z,17.6,85.0,146.5,38565750,280458242
2026-03-06T09:38:53.043676Z,17.2,85.0,144.5,38565750,280458242
2026-03-06T09:38:58.054660Z,20.4,85.2,160.52,38567866,280459251
2026-03-06T09:38:58.071635Z,21.1,85.2,164.02,38567866,280459251
2026-03-06T09:39:03.085328Z,16.3,85.4,140.04,38588846,280489095
2026-03-06T09:39:03.096821Z,16.7,85.4,142.04,38588846,280489095
2026-03-06T09:39:08.130142Z,16.7,85.8,142.08,38590661,280490643
2026-03-06T09:39:08.135792Z,16.7,85.8,142.08,38590661,280490643
2026-03-06T09:39:13.161309Z,17.4,85.8,145.58,38591515,280492752
2026-03-06T09:39:13.167515Z,17.4,85.8,145.58,38591515,280492752
2026-03-06T09:39:18.188718Z,30.3,85.5,210.05,38596304,280499510
2026-03-06T09:39:18.189189Z,30.3,85.5,210.05,38596304,280499510
2026-03-06T09:39:23.222493Z,20.7,85.7,162.07,38603263,280505238
2026-03-06T09:39:23.223161Z,20.7,85.7,162.07,38603263,280505238
2026-03-06T09:39:28.267075Z,10.1,85.7,109.07,38604629,280506047
2026-03-06T09:39:28.267772Z,10.1,85.7,109.07,38604629,280506047
2026-03-06T09:39:33.309397Z,27.7,85.8,197.08,38610420,280509667
2026-03-06T09:39:33.311122Z,27.7,85.8,197.08,38610420,280509667
2026-03-06T09:39:38.358572Z,17.0,85.9,143.59,38618700,280517419
2026-03-06T09:39:38.364702Z,17.0,85.9,143.59,38618700,280517419
2026-03-06T09:39:43.412301Z,24.6,85.9,181.59,38638850,280538450
2026-03-06T09:39:43.415830Z,24.6,85.9,181.59,38638850,280538450
2026-03-06T09:39:48.444038Z,21.3,85.4,165.04,38642638,280540431
2026-03-06T09:39:48.462507Z,21.5,85.4,166.04,38642638,280540431
2026-03-06T09:39:53.476843Z,17.9,81.8,147.68,38651100,280549245
2026-03-06T09:39:53.552203Z,18.5,81.8,150.68,38651213,280549245
2026-03-06T09:39:58.511831Z,18.2,81.8,149.18,38651446,280549690
2026-03-06T09:39:58.683736Z,18.9,81.8,152.68,38651446,280549690
2026-03-06T09:40:03.537426Z,16.6,82.7,141.27,38652361,280551748
2026-03-06T09:40:03.709471Z,19.1,82.7,153.77,38652361,280551748
2026-03-06T09:40:08.577948Z,27.4,82.9,195.29,38740433,280560991
2026-03-06T09:40:08.736084Z,25.4,82.9,185.29,38740499,280560991
2026-03-06T09:40:13.615410Z,10.1,83.1,108.81,38749895,280585033
2026-03-06T09:40:13.771249Z,12.1,83.0,118.8,38750785,280585719
2026-03-06T09:40:18.656327Z,25.8,83.5,187.35,38757707,280592414
2026-03-06T09:40:18.817406Z,24.6,83.5,181.35,38757707,280592414
2026-03-06T09:40:23.675301Z,11.5,83.7,115.87,38797940,280628524
2026-03-06T09:40:23.850780Z,11.0,83.7,113.37,38798926,280628524
2026-03-06T09:40:28.697644Z,19.8,83.7,157.37,38807416,280643488
2026-03-06T09:40:28.874934Z,18.1,83.7,148.87,38807416,280643488
2026-03-06T09:40:33.722502Z,16.2,84.3,139.43,38811831,280654598
2026-03-06T09:40:33.901097Z,16.7,84.3,141.93,38811831,280654598
2026-03-06T09:40:38.741890Z,16.4,83.9,140.39,38889406,280661924
2026-03-06T09:40:38.924023Z,16.5,84.1,140.91,38889460,280667086
2026-03-06T09:40:43.774451Z,11.1,84.0,113.9,38893966,280669698
2026-03-06T09:40:43.951489Z,13.1,83.9,123.89,38893966,280669698
2026-03-06T09:40:48.809929Z,13.5,83.6,125.86,38902195,280672953
2026-03-06T09:40:48.988737Z,12.2,83.6,119.36,38902195,280672953
2026-03-06T09:40:53.825288Z,26.1,83.9,188.89,38919099,280692477
2026-03-06T09:40:54.040823Z,25.8,84.2,187.42,38919099,280692477
2026-03-06T09:40:58.846632Z,17.1,84.7,143.97,38920057,280693477
2026-03-06T09:40:59.061977Z,27.0,84.7,193.47,38920111,280693531
2026-03-06T09:41:03.879549Z,18.0,85.0,148.5,38920460,280695139
2026-03-06T09:41:04.096150Z,17.4,85.0,145.5,38920460,280695139
2026-03-06T09:41:08.904007Z,37.4,84.8,245.48,38987267,280708763
2026-03-06T09:41:09.127408Z,37.4,84.8,245.48,38987410,280709424
2026-03-06T09:41:13.936510Z,23.4,84.5,175.45,38988885,280710047
2026-03-06T09:41:14.152412Z,26.7,84.2,191.92,38988939,280710173
2026-03-06T09:41:18.960356Z,15.0,84.2,133.42,38992188,280711063
2026-03-06T09:41:19.191532Z,13.5,84.1,125.91,38992292,280711156
2026-03-06T09:41:23.984939Z,19.2,84.2,154.42,39012934,280803758
2026-03-06T09:41:24.246821Z,20.9,84.1,162.91,39013077,280804473
2026-03-06T09:41:29.009307Z,22.5,84.3,170.93,39040847,280819355
2026-03-06T09:41:34.045941Z,9.6,84.5,106.45,39062160,280834037
2026-03-06T09:41:39.082783Z,9.7,83.7,106.87,39072985,280844152
2026-03-06T09:41:44.113426Z,10.3,83.6,109.86,39078330,280853818
2026-03-06T09:41:49.137536Z,8.3,83.5,99.85,39078579,280854284
2026-04-07T16:39:40.046605Z,36.8,83.5,242.35,31981437,233644750
2026-04-07T16:39:42.822260Z,30.0,83.8,208.38,32007963,233655299
2026-04-07T16:39:45.125041Z,27.5,84.0,195.9,32010234,233658803
2026-04-07T16:39:50.179612Z,37.0,81.6,243.16,32014752,233660507
2026-04-07T16:39:55.314046Z,18.9,82.2,152.72,32015374,233661147
2026-04-07T16:40:00.356736Z,2.9,82.8,72.78,32044091,233670601
2026-04-07T16:40:05.399266Z,7.8,81.8,97.18,32044652,233671246
2026-04-07T16:40:10.438969Z,8.1,82.0,98.7,32068927,233703524
2026-04-07T16:40:15.470224Z,6.8,82.1,92.21,32087162,233705324
2026-04-07T16:40:20.513811Z,3.7,82.0,76.7,32087272,233705540
2026-04-07T16:40:25.536954Z,2.5,83.3,70.83,32091609,233709733
2026-04-07T16:40:30.560334Z,15.2,83.4,134.34,32091804,233710045
2026-04-07T16:40:35.584994Z,5.7,83.3,86.83,32091914,233710219
2026-04-07T16:40:40.611534Z,12.6,82.5,121.25,32092627,233710904
2026-04-07T16:40:45.639652Z,10.0,82.3,108.23,32098830,233717625
2026-04-07T16:40:50.675540Z,18.7,81.8,151.68,32098912,233717757
2026-04-07T16:40:55.710342Z,5.2,81.5,84.15,32099190,233718009
2026-04-07T16:41:00.748547Z,6.0,81.5,88.15,32099245,233718075
2026-04-07T16:41:05.779557Z,6.0,81.5,88.15,32099410,233718273
2026-04-07T16:41:10.808157Z,19.2,81.4,154.14,32103357,233724869
2026-04-07T16:41:15.829228Z,5.3,81.4,84.64,32103516,233724935
2026-04-07T16:41:20.865616Z,6.8,81.1,92.11,32103900,233725403
2026-04-07T16:41:25.903352Z,4.5,81.2,80.62,32104468,233726060
2026-04-07T16:41:30.941539Z,16.8,81.4,142.14,32104605,233726258
2026-04-07T16:41:35.979823Z,16.0,82.0,138.2,32150732,233754639
2026-04-07T16:41:41.015495Z,16.3,82.0,139.7,32165029,233768778
2026-04-07T16:41:46.045842Z,22.9,82.8,172.78,32183922,233791451
2026-04-07T16:41:51.067323Z,8.3,82.6,99.76,32210481,233801000
2026-04-07T16:41:56.090625Z,26.9,83.0,192.8,32312444,233879392
2026-04-07T16:42:01.103910Z,17.3,83.4,144.84,32429941,233925216
2026-04-07T16:42:06.127138Z,21.8,83.9,167.39,32450457,233933590
2026-04-07T16:42:11.141701Z,28.9,83.6,202.86,32500218,233948652
2026-04-07T16:42:16.164484Z,17.8,84.3,147.43,32543386,233982505
2026-04-07T16:42:21.202708Z,6.2,84.8,89.48,32643571,234005918
2026-04-07T16:42:26.274640Z,14.3,84.1,129.91,32701036,234022729
2026-04-07T16:42:31.296348Z,7.4,84.7,95.47,32719197,234024525
2026-04-07T16:42:36.333125Z,11.3,83.5,114.85,32719519,234025047
2026-04-08T08:36:14.144146Z,59.9,88.4,358.34,7588127,11367006
2026-04-08T08:36:19.161246Z,27.8,88.4,197.84,7676905,11422674
2026-04-08T08:36:24.196607Z,27.7,85.0,197.0,7749789,11430868
2026-04-08T08:36:29.223815Z,15.3,85.4,135.04,7841037,11443571
2026-04-08T08:36:34.262323Z,14.6,83.4,131.34,7911293,11453567
2026-04-08T08:36:39.303422Z,22.6,83.3,171.33,7952613,11458651
2026-04-08T08:36:44.328947Z,29.7,83.3,206.83,8030455,11474865
2026-04-08T08:36:49.363726Z,18.6,83.4,151.34,8083198,11483909
2026-04-08T08:36:54.419074Z,16.2,83.5,139.35,8120619,11490102
2026-04-08T08:36:59.476723Z,24.6,84.0,181.4,8190794,11505540
2026-04-08T08:37:04.641319Z,7.6,85.2,96.52,8223372,11511195
2026-04-08T08:37:09.666139Z,21.4,85.1,165.51,8242657,11515208
2026-04-08T08:37:14.712665Z,24.9,85.1,183.01,8277182,11525534
2026-04-08T08:37:19.748251Z,33.4,85.0,225.5,8295740,11537101
2026-04-08T08:37:24.790425Z,14.1,83.9,128.89,8349047,11545246
2026-04-08T08:37:29.829670Z,15.0,83.9,133.39,8386408,11551368
2026-04-08T08:37:34.871466Z,18.0,84.0,148.4,8416271,11554256
2026-04-08T08:37:39.916464Z,5.4,83.0,85.3,8487616,11577415
2026-04-08T08:37:44.957151Z,10.4,82.9,110.29,8513021,11584472
2026-04-08T08:37:50.008820Z,32.3,84.2,219.92,8562186,11591517
2026-04-08T08:37:55.044197Z,14.2,85.2,129.52,8620652,11604398
2026-04-08T08:38:00.102981Z,36.5,86.7,241.17,8789321,11940247
2026-04-08T08:38:05.156322Z,8.7,87.5,102.25,8846204,11947648
2026-04-08T08:38:10.206073Z,48.6,87.9,301.79,9107722,13374725
2026-04-08T08:38:15.268032Z,100.0,92.0,559.2,9973194,17616898
2026-04-08T08:38:20.307187Z,99.8,92.5,558.25,10889483,31499020
2026-04-08T08:38:25.328646Z,84.1,89.2,479.42,11492561,86049890
2026-04-08T08:38:30.345736Z,74.7,91.1,432.61,11997373,208465322
2026-04-08T08:38:35.362703Z,70.5,90.6,411.56,12167987,227952773
2026-04-08T08:38:40.377080Z,78.4,92.0,451.2,12250093,230456124
2026-04-08T08:38:45.396779Z,69.4,93.1,406.31,12421719,230897657
2026-04-08T08:38:50.427927Z,84.4,91.1,481.11,12823276,231181898
2026-04-08T08:38:55.465051Z,73.2,89.0,424.9,12923727,232576004
2026-04-08T08:39:00.496178Z,75.4,88.0,435.8,13012956,232695421
2026-04-08T08:39:05.524609Z,75.5,89.8,436.48,13092095,232910381
2026-04-08T08:39:10.558140Z,81.9,90.0,468.5,13150816,233303846
2026-04-08T08:39:15.618760Z,51.3,89.7,315.47,13166244,233329782
2026-04-08T08:39:20.645692Z,57.8,89.6,347.96,13170450,233333836
2026-04-08T08:39:25.677325Z,68.1,86.3,399.13,13190875,233386038
2026-04-08T08:39:30.707394Z,62.0,83.0,368.3,13193333,233389573
2026-04-08T08:39:35.734191Z,50.9,83.3,312.83,13201577,233406756
2026-04-08T08:39:40.759192Z,63.2,85.4,374.54,13237708,233449180
2026-04-08T08:39:45.781228Z,39.3,85.1,255.01,13255120,233458768
2026-04-08T08:39:50.799053Z,27.7,85.3,197.03,13258940,233464007
2026-04-08T08:39:55.825317Z,14.7,85.4,132.04,13272740,233498919
2026-04-08T08:40:00.848747Z,31.6,85.0,216.5,13277069,233502528
2026-04-08T08:40:05.861446Z,32.8,85.0,222.5,13295367,233558870
2026-04-08T08:40:10.879474Z,66.3,84.9,389.99,13315246,233581342
2026-04-08T08:40:15.903772Z,30.2,85.7,209.57,13342884,233608021
2026-04-08T08:40:20.921323Z,49.2,88.0,304.8,13439446,263204639
2026-04-08T08:40:26.271223Z,89.4,88.0,505.8,13507151,279407187
2026-04-08T08:40:31.346585Z,98.7,87.8,552.28,13559651,279457108
2026-04-08T08:40:36.470406Z,100.0,88.1,558.81,13577632,279512989
2026-04-08T08:40:41.500868Z,49.8,88.3,307.83,13581690,279519897
2026-04-08T08:40:46.527874Z,39.5,88.6,256.36,13587125,279526075
2026-04-08T08:40:51.551104Z,29.2,88.8,204.88,13602398,279535359
2026-04-08T08:40:56.579810Z,33.0,86.4,223.64,13624262,279539320
2026-04-08T08:41:01.613310Z,17.7,86.2,147.12,13626700,279540804
2026-04-08T08:41:06.639052Z,6.8,86.1,92.61,13633525,279553343
2026-04-08T08:41:11.671222Z,38.8,86.2,252.62,13648930,279566262
2026-04-08T08:41:16.698258Z,56.2,86.6,339.66,13692180,279629367
2026-04-08T08:41:21.724807Z,40.7,88.3,262.33,13734264,279752053
2026-04-08T08:41:26.747386Z,21.3,87.7,165.27,13752828,279837348
2026-04-08T08:41:31.773495Z,14.8,87.7,132.77,13762260,279983813
2026-04-08T08:41:36.792095Z,28.7,87.3,202.23,13780864,280189759
2026-04-08T08:41:41.820979Z,20.2,87.2,159.72,13830125,280380592
2026-04-08T08:41:46.849005Z,22.3,87.3,170.23,13852490,280569830
2026-04-08T08:41:51.873138Z,26.4,87.5,190.75,13867607,280739270
2026-04-08T08:41:56.897806Z,24.4,87.7,180.77,13883240,280985449
2026-04-08T08:42:01.919976Z,40.8,88.8,262.88,13938760,281152878
2026-04-08T08:42:06.939174Z,38.7,85.9,252.09,13942122,281155686
2026-04-08T08:42:11.956864Z,37.4,85.7,245.57,13943897,281157988
2026-04-08T08:42:16.979631Z,49.8,85.4,307.54,13960002,284094739
2026-04-08T08:42:22.003513Z,36.0,85.6,238.56,13990432,284567658
2026-04-08T08:42:27.026315Z,32.1,85.3,219.03,14004422,285032115
2026-04-08T08:42:32.041928Z,53.8,85.6,327.56,14066767,293698231
2026-04-08T08:42:37.062239Z,48.9,85.3,303.03,14161951,298118191
2026-04-08T08:42:42.074227Z,61.6,87.6,366.76,14223383,298972361
2026-04-08T08:42:47.095159Z,70.6,90.6,412.06,14225759,298975416
2026-04-08T08:42:52.112011Z,57.1,84.5,343.95,14227980,298977871
2026-04-08T08:42:57.129362Z,45.5,80.0,285.5,14232906,298984813
2026-04-08T08:43:02.147276Z,39.0,80.4,253.04,14268951,299013887
2026-04-08T08:43:07.169110Z,37.3,80.8,244.58,14294357,299028474
2026-04-08T08:43:12.187841Z,33.6,81.3,226.13,14315313,299034161
2026-04-08T08:43:17.213469Z,52.7,83.4,321.84,14349761,299152429
2026-04-08T08:43:22.237892Z,58.8,83.3,352.33,14380380,299209548
2026-04-08T08:43:27.265675Z,46.9,83.6,292.86,14398049,299226669
2026-04-08T08:43:32.297285Z,56.9,83.1,342.81,14403287,299234788
2026-04-08T08:43:37.326302Z,29.0,83.1,203.31,14428775,299247596
2026-04-08T08:43:42.355922Z,15.7,83.0,136.8,14435475,299256389
2026-04-08T08:43:47.380172Z,18.1,83.2,148.82,14438320,299259319
2026-04-08T08:43:52.409518Z,17.4,83.1,145.31,14439501,299260394
2026-04-08T08:43:57.444654Z,44.1,84.2,278.92,14473767,299356149
2026-04-08T08:44:02.474632Z,31.8,83.7,217.37,14476188,299361921
2026-04-08T08:44:07.504827Z,32.5,83.2,220.82,14489714,299385839
2026-04-08T08:44:12.537042Z,43.7,83.6,276.86,14491380,299387740
2026-04-08T08:44:17.565253Z,18.6,83.2,151.32,14493048,299390633
2026-04-08T08:44:22.603571Z,11.1,83.0,113.8,14500332,299398850
2026-04-08T08:44:27.625957Z,19.7,83.0,156.8,14522346,299448420
2026-04-08T08:44:32.643377Z,23.4,83.6,175.36,14525726,299451079
2026-04-08T08:44:37.665521Z,35.5,84.4,235.94,14561051,299543344
2026-04-08T08:44:42.689417Z,40.1,84.7,258.97,14577623,299567946
2026-04-08T08:44:47.719642Z,33.7,84.8,226.98,14579743,299570840
2026-04-08T08:44:52.748715Z,33.5,84.8,225.98,14593481,299585188
2026-04-08T08:44:57.774004Z,24.7,83.1,181.81,14594659,299586612
2026-04-08T08:45:02.799534Z,25.0,83.3,183.33,14604136,299594272
2026-04-08T08:45:07.826946Z,18.0,83.3,148.33,14605649,299600515
2026-04-08T08:45:12.849702Z,19.8,83.2,157.32,14609000,299602762
2026-04-08T08:45:17.875346Z,43.3,83.8,274.88,14646423,299646553
2026-04-08T08:45:22.905463Z,17.3,84.1,144.91,14648074,299700846
2026-04-08T08:45:27.929290Z,32.0,84.0,218.4,14649836,299702785
2026-04-08T08:45:32.952340Z,44.3,84.2,279.92,14655138,299708099
2026-04-08T08:45:37.979406Z,43.4,84.3,275.43,14680178,299984812
2026-04-08T08:45:43.006111Z,34.7,83.2,231.82,14710274,300001895
2026-04-08T08:45:48.028096Z,24.4,83.2,180.32,14719741,300005803
2026-04-08T08:45:53.060769Z,5.7,83.0,86.8,14726107,300012804
2026-04-08T08:45:58.088388Z,24.0,82.7,178.27,14727436,300014032
2026-04-08T08:46:03.115137Z,52.8,83.3,322.33,14765905,300112222
2026-04-08T08:46:08.140852Z,60.5,84.7,360.97,14799067,300144460
2026-04-08T08:46:13.174488Z,61.8,85.6,367.56,14837649,300182261
2026-04-08T08:46:18.210154Z,38.0,86.2,248.62,14873844,300215149
2026-04-08T08:46:23.246640Z,51.6,87.2,316.72,15046573,300222225
2026-04-08T08:46:28.280324Z,17.1,85.1,144.01,15061543,300241738
2026-04-08T08:46:33.313117Z,20.2,84.8,159.48,15069585,300243326
2026-04-08T08:46:38.342297Z,26.7,84.8,191.98,15077598,300244922
2026-04-08T08:46:43.369540Z,28.6,85.3,201.53,15078396,300245906
2026-04-08T08:46:48.404839Z,54.2,85.7,329.57,15118182,300345836
2026-04-08T08:46:53.437282Z,18.4,86.3,150.63,15118907,300346687
2026-04-08T08:46:58.463958Z,33.3,85.5,225.05,15126258,300431138
2026-04-08T08:47:03.496967Z,33.8,85.5,227.55,15131680,300439367
2026-04-08T08:47:08.530619Z,56.2,85.9,339.59,15138006,300447646
2026-04-08T08:47:13.562891Z,26.4,84.6,190.46,15140250,300450435
2026-04-08T08:47:18.592589Z,55.1,84.7,333.97,15144382,300458518
2026-04-08T08:47:23.627535Z,10.6,84.7,111.47,15147764,300471846
2026-04-08T08:47:28.662881Z,21.5,83.5,165.85,15152758,300482590
2026-04-08T08:47:33.690241Z,32.6,84.3,221.43,15191733,300577672
2026-04-08T08:47:38.715911Z,32.4,83.8,220.38,15192964,300579017
2026-04-08T08:47:43.746782Z,33.1,83.9,223.89,15194912,300581789
2026-04-08T08:47:48.779980Z,54.7,82.0,331.7,15210116,300592362
2026-04-08T08:47:53.815257Z,44.4,79.8,279.98,15213510,300595374
2026-04-08T08:47:58.838141Z,30.0,79.4,207.94,15216203,300598167
2026-04-08T08:48:03.867519Z,24.2,79.6,178.96,15220352,300600635
2026-04-08T08:48:08.898070Z,22.9,79.7,172.47,15222152,300602604
2026-04-08T08:48:13.931788Z,21.2,79.5,163.95,15242265,300624425
2026-04-08T08:48:18.960993Z,34.9,81.0,232.6,15289812,300727999
2026-04-08T08:48:23.989315Z,34.1,80.8,228.58,15292698,300731226
2026-04-08T08:48:29.021987Z,45.5,81.1,285.61,15335702,300742038
2026-04-08T08:48:34.051498Z,58.3,81.1,349.61,15338847,300746849
2026-04-08T08:48:39.078737Z,22.2,79.6,168.96,15340326,300748557
2026-04-08T08:48:44.111771Z,19.1,79.7,153.47,15359956,300756823
2026-04-08T08:48:49.145186Z,16.9,79.7,142.47,15363589,300762507
2026-04-08T08:48:54.171107Z,16.9,79.5,142.45,15364542,300763785
2026-04-08T08:48:59.204005Z,40.3,79.7,259.47,15406092,300860618
2026-04-08T08:49:04.231693Z,35.7,79.6,236.46,15407429,300861849
2026-04-08T08:49:09.260530Z,41.1,80.1,263.51,15408153,300862718
2026-04-08T08:49:14.286043Z,21.8,79.7,166.97,15420362,300870746
2026-04-08T08:49:19.311711Z,37.9,83.4,247.84,15443854,300882353
2026-04-08T08:49:24.346168Z,36.5,83.1,240.81,15447750,300883656
2026-04-08T08:49:29.381413Z,39.3,83.5,254.85,15469690,301393708
2026-04-08T08:49:34.417843Z,44.8,85.5,282.55,15511798,301489235
2026-04-08T08:49:39.435493Z,39.4,87.2,255.72,15573418,301621238
2026-04-08T08:49:44.461952Z,43.8,83.7,277.37,15690039,301825002
2026-04-08T08:49:49.488412Z,31.3,84.6,214.96,15807352,302038332
2026-04-08T08:49:54.505788Z,11.2,84.4,114.44,15815468,302049276
2026-04-08T08:49:59.531952Z,45.7,84.0,286.9,15843990,302117182
2026-04-08T08:50:04.563474Z,28.5,84.8,200.98,15847215,302119102
2026-04-08T08:50:09.593569Z,22.0,84.7,168.47,15848473,302120744
2026-04-08T08:50:14.622162Z,22.4,84.6,170.46,15851935,302123263
2026-04-08T08:50:19.652664Z,21.0,84.8,163.48,15853004,302124209
2026-04-08T08:50:24.681901Z,50.6,84.6,311.46,15876339,302180575
2026-04-08T08:50:29.709931Z,31.2,79.5,213.95,15894505,302190221
